Time,Water_level
7/31/2023 14:00,1.47
7/31/2023 17:00,1.5
7/31/2023 20:00,1.59
7/31/2023 23:00,1.61
8/1/2023 2:00,1.66
8/1/2023 5:00,1.63
8/1/2023 8:00,1.59
8/1/2023 11:00,1.55
8/1/2023 14:00,1.53
8/1/2023 17:00,1.51
8/1/2023 20:00,1.59
8/1/2023 23:00,1.6
8/2/2023 2:00,1.61
8/2/2023 5:00,1.6
8/2/2023 8:00,1.59
8/2/2023 11:00,1.54
8/2/2023 14:00,1.51
8/2/2023 17:00,1.49
8/2/2023 20:00,1.57
8/2/2023 23:00,1.6
8/3/2023 2:00,1.6
8/3/2023 5:00,1.61
8/3/2023 8:00,1.58
8/3/2023 11:00,1.52
8/3/2023 14:00,1.44
8/3/2023 17:00,1.48
8/3/2023 20:00,1.55
8/3/2023 23:00,1.57
8/4/2023 2:00,1.59
8/4/2023 5:00,1.58
8/4/2023 8:00,1.57
8/4/2023 11:00,1.71
8/4/2023 14:00,1.79
8/4/2023 17:00,1.71
8/4/2023 20:00,2.17
8/4/2023 23:00,1.86
8/5/2023 2:00,1.76
8/5/2023 5:00,1.69
8/5/2023 8:00,1.62
8/5/2023 11:00,1.59
8/5/2023 14:00,1.52
8/5/2023 17:00,1.48
8/5/2023 20:00,1.53
8/5/2023 23:00,1.58
8/6/2023 2:00,1.58
8/6/2023 5:00,1.57
8/6/2023 8:00,1.54
8/6/2023 11:00,1.46
8/6/2023 14:00,1.42
8/6/2023 17:00,1.37
8/6/2023 20:00,1.51
8/6/2023 23:00,1.56
8/7/2023 2:00,1.56
8/7/2023 5:00,1.57
8/7/2023 8:00,1.56
8/7/2023 11:00,1.5
8/7/2023 14:00,1.44
8/7/2023 17:00,1.44
8/7/2023 20:00,1.48
8/7/2023 23:00,1.9
8/8/2023 2:00,1.77
8/8/2023 5:00,1.69
8/8/2023 8:00,1.62
8/8/2023 11:00,1.53
8/8/2023 14:00,1.53
8/8/2023 17:00,1.47
8/8/2023 20:00,1.58
8/8/2023 23:00,1.59
8/9/2023 2:00,1.57
8/9/2023 5:00,1.56
8/9/2023 8:00,1.52
8/9/2023 11:00,1.46
8/9/2023 14:00,1.43
8/9/2023 17:00,1.42
8/9/2023 20:00,1.5
8/9/2023 23:00,1.54
8/10/2023 2:00,1.51
8/10/2023 5:00,1.49
8/10/2023 8:00,1.49
8/10/2023 11:00,1.39
8/10/2023 14:00,1.41
8/10/2023 17:00,1.43
8/10/2023 20:00,1.44
8/10/2023 23:00,1.48
8/11/2023 2:00,1.48
8/11/2023 5:00,1.48
8/11/2023 8:00,1.48
8/11/2023 11:00,1.34
8/11/2023 14:00,1.37
8/11/2023 17:00,1.35
8/11/2023 20:00,1.43
8/11/2023 23:00,1.45
8/12/2023 2:00,1.43
8/12/2023 5:00,1.43
8/12/2023 8:00,1.41
8/12/2023 11:00,1.27
8/12/2023 14:00,1.32
8/12/2023 17:00,1.27
8/12/2023 20:00,1.32
8/12/2023 23:00,1.39
8/13/2023 2:00,1.4
8/13/2023 5:00,1.41
8/13/2023 8:00,2.01
8/13/2023 11:00,1.98
8/13/2023 14:00,1.76
8/13/2023 17:00,1.71
8/13/2023 20:00,1.73
8/13/2023 23:00,1.67
8/14/2023 2:00,1.62
8/14/2023 5:00,1.63
8/14/2023 8:00,1.6
8/14/2023 11:00,1.47
8/14/2023 14:00,1.5
8/14/2023 17:00,1.54
8/14/2023 20:00,1.6
8/14/2023 23:00,1.62
8/15/2023 2:00,1.63
8/15/2023 5:00,1.64
8/15/2023 8:00,1.63
8/15/2023 11:00,1.56
8/15/2023 14:00,1.5
8/15/2023 17:00,1.47
8/15/2023 20:00,2.39
8/15/2023 23:00,1.86
8/16/2023 2:00,1.69
8/16/2023 5:00,1.56
8/16/2023 8:00,1.47
8/16/2023 11:00,1.37
8/16/2023 14:00,1.31
8/16/2023 17:00,1.3
8/16/2023 20:00,1.32
8/16/2023 23:00,1.35
8/17/2023 2:00,1.35
8/17/2023 5:00,1.34
8/17/2023 8:00,1.33
8/17/2023 11:00,1.27
8/17/2023 14:00,1.22
8/17/2023 17:00,1.17
8/17/2023 20:00,1.34
8/17/2023 23:00,1.35
8/18/2023 2:00,1.34
8/18/2023 5:00,1.35
8/18/2023 8:00,1.34
8/18/2023 11:00,1.22
8/18/2023 14:00,1.24
8/18/2023 17:00,1.19
8/18/2023 20:00,1.29
8/18/2023 23:00,1.33
8/19/2023 2:00,1.32
8/19/2023 5:00,1.32
8/19/2023 8:00,1.3
8/19/2023 11:00,1.26
8/19/2023 14:00,1.23
8/19/2023 17:00,1.17
8/19/2023 20:00,1.29
8/19/2023 23:00,1.34
8/20/2023 2:00,1.33
8/20/2023 5:00,1.32
8/20/2023 8:00,1.33
8/20/2023 11:00,1.22
8/20/2023 14:00,1.18
8/20/2023 17:00,1.16
8/20/2023 20:00,7.45
8/20/2023 23:00,1.33
8/21/2023 2:00,1.36
8/21/2023 5:00,1.36
8/21/2023 8:00,1.33
8/21/2023 11:00,1.21
8/21/2023 14:00,1.15
8/21/2023 17:00,1.13
8/21/2023 20:00,1.32
8/21/2023 23:00,1.35
8/22/2023 2:00,1.35
8/22/2023 5:00,1.35
8/22/2023 8:00,1.34
8/22/2023 11:00,1.27
8/22/2023 14:00,1.23
8/22/2023 17:00,1.3
8/22/2023 20:00,1.31
8/22/2023 23:00,1.33
8/23/2023 2:00,1.33
8/23/2023 5:00,1.35
8/23/2023 8:00,1.34
8/23/2023 11:00,1.25
8/23/2023 14:00,1.35
8/23/2023 17:00,1.19
8/23/2023 20:00,1.32
8/23/2023 23:00,1.34
8/24/2023 2:00,1.34
8/24/2023 5:00,1.34
8/24/2023 8:00,1.35
8/24/2023 11:00,1.23
8/24/2023 14:00,1.26
8/24/2023 17:00,1.27
8/24/2023 20:00,1.38
8/24/2023 23:00,1.42
8/25/2023 2:00,1.42
8/25/2023 5:00,1.38
8/25/2023 8:00,1.3
8/25/2023 11:00,1.16
8/25/2023 14:00,1.22
8/25/2023 17:00,1.15
8/25/2023 20:00,1.38
8/25/2023 23:00,1.42
8/26/2023 2:00,1.41
8/26/2023 5:00,1.39
8/26/2023 8:00,1.36
8/26/2023 11:00,1.24
8/26/2023 14:00,1.2
8/26/2023 17:00,1.29
8/26/2023 20:00,8.53
8/26/2023 23:00,1.45
8/27/2023 2:00,1.42
8/27/2023 5:00,1.39
8/27/2023 8:00,1.34
8/27/2023 11:00,0.947
8/27/2023 14:00,1.33
8/27/2023 17:00,1.2
8/27/2023 20:00,1.39
8/27/2023 23:00,1.38
8/28/2023 2:00,8.47
8/28/2023 5:00,1.74
8/28/2023 8:00,1.62
8/28/2023 11:00,1.8
8/28/2023 14:00,1.68
8/28/2023 17:00,1.37
8/28/2023 20:00,1.43
8/28/2023 23:00,2.24
8/29/2023 2:00,1.88
8/29/2023 5:00,1.82
8/29/2023 8:00,1.69
8/29/2023 11:00,1.62
8/29/2023 14:00,1.45
8/29/2023 17:00,1.3
8/29/2023 20:00,1.41
8/29/2023 23:00,1.39
8/30/2023 2:00,1.77
8/30/2023 5:00,1.67
8/30/2023 8:00,1.55
8/30/2023 11:00,1.44
8/30/2023 14:00,1.22
8/30/2023 17:00,1.4
8/30/2023 20:00,7.6
8/30/2023 23:00,2.06
8/31/2023 2:00,3.99
8/31/2023 5:00,2.56
8/31/2023 8:00,1.94
8/31/2023 11:00,1.99
8/31/2023 14:00,1.72
8/31/2023 17:00,1.62
8/31/2023 20:00,1.63
9/1/2023 2:00,1.54
9/1/2023 5:00,1.5
9/1/2023 8:00,5.48
9/1/2023 11:00,1.39
9/1/2023 20:00,1.46
9/1/2023 23:00,1.42
9/2/2023 2:00,1.4
9/2/2023 5:00,1.37
9/2/2023 8:00,1.36
9/2/2023 11:00,1.27
9/2/2023 14:00,1.27
9/2/2023 17:00,1.21
9/2/2023 20:00,1.33
9/2/2023 23:00,1.35
9/3/2023 2:00,5.43
9/3/2023 5:00,1.35
9/3/2023 8:00,1.35
9/3/2023 11:00,1.23
9/3/2023 14:00,1.21
9/3/2023 17:00,1.22
9/3/2023 20:00,1.39
9/3/2023 23:00,1.42
9/4/2023 2:00,1.42
9/4/2023 5:00,1.44
9/4/2023 8:00,1.4
9/4/2023 11:00,1.33
9/4/2023 14:00,1.22
9/4/2023 17:00,1.28
9/4/2023 20:00,1.37
9/4/2023 23:00,1.4
9/5/2023 2:00,1.42
9/5/2023 5:00,1.43
9/5/2023 8:00,1.41
9/5/2023 11:00,1.4
9/5/2023 14:00,1.32
9/5/2023 17:00,1.27
9/5/2023 20:00,1.43
9/5/2023 23:00,1.43
9/6/2023 2:00,1.43
9/6/2023 5:00,1.45
9/6/2023 8:00,1.45
9/6/2023 11:00,1.33
9/6/2023 14:00,1.61
9/6/2023 17:00,1.38
9/6/2023 20:00,1.46
9/6/2023 23:00,1.46
9/7/2023 2:00,1.44
9/7/2023 5:00,1.44
9/7/2023 8:00,1.44
9/7/2023 11:00,1.32
9/7/2023 14:00,1.31
9/7/2023 17:00,1.24
9/7/2023 20:00,1.4
9/7/2023 23:00,1.44
9/8/2023 2:00,1.44
9/8/2023 5:00,1.5
9/8/2023 8:00,1.46
9/8/2023 11:00,1.33
9/8/2023 14:00,1.29
9/8/2023 17:00,2.01
9/8/2023 20:00,1.65
9/8/2023 23:00,1.55
9/9/2023 2:00,1.5
9/9/2023 5:00,1.48
9/9/2023 8:00,1.48
9/9/2023 11:00,1.36
9/9/2023 14:00,1.33
9/9/2023 17:00,1.42
9/9/2023 20:00,5.74
9/9/2023 23:00,1.76
9/10/2023 2:00,1.64
9/10/2023 5:00,1.54
9/10/2023 8:00,1.51
9/10/2023 11:00,1.41
9/10/2023 14:00,1.32
9/10/2023 17:00,1.27
9/10/2023 20:00,1.4
9/10/2023 23:00,1.4
9/11/2023 2:00,1.42
9/11/2023 14:00,1.28
9/12/2023 2:00,1.35
9/12/2023 5:00,1.37
9/12/2023 8:00,1.34
9/12/2023 14:00,1.25
9/13/2023 2:00,1.75
9/14/2023 5:00,1.38
9/14/2023 8:00,1.34
9/14/2023 17:00,1.26
9/14/2023 23:00,1.31
9/15/2023 2:00,1.31
9/15/2023 5:00,1.3
9/15/2023 8:00,1.31
9/15/2023 11:00,1.26
9/15/2023 14:00,1.28
9/16/2023 2:00,1.3
9/16/2023 17:00,1.17
9/16/2023 20:00,1.3
9/16/2023 23:00,1.31
9/17/2023 2:00,1.29
9/17/2023 5:00,1.31
9/17/2023 8:00,1.3
9/17/2023 11:00,1.22
9/17/2023 14:00,1.19
9/17/2023 17:00,1.28
9/17/2023 20:00,1.6
9/17/2023 23:00,1.69
9/18/2023 2:00,1.52
9/18/2023 5:00,1.41
9/18/2023 8:00,1.39
9/18/2023 11:00,1.41
9/18/2023 14:00,1.31
9/18/2023 17:00,1.44
9/18/2023 20:00,1.41
9/18/2023 23:00,1.37
9/19/2023 2:00,1.38
9/19/2023 5:00,1.37
9/19/2023 8:00,1.36
9/19/2023 11:00,1.35
9/19/2023 14:00,1.25
9/19/2023 17:00,1.2
9/19/2023 20:00,1.33
9/19/2023 23:00,1.34
9/20/2023 2:00,1.34
9/20/2023 5:00,1.34
9/20/2023 8:00,1.33
9/20/2023 11:00,1.27
9/20/2023 14:00,1.21
9/20/2023 17:00,1.26
9/20/2023 20:00,1.35
9/20/2023 23:00,1.43
9/21/2023 2:00,1.42
9/21/2023 5:00,1.71
9/21/2023 8:00,1.47
9/21/2023 11:00,1.32
9/21/2023 14:00,1.28
9/21/2023 17:00,1.24
9/21/2023 20:00,1.3
9/21/2023 23:00,1.31
9/22/2023 2:00,1.3
9/22/2023 5:00,1.3
9/22/2023 8:00,1.3
9/22/2023 11:00,1.31
9/22/2023 14:00,1.54
9/22/2023 17:00,2.2
9/22/2023 20:00,2.34
9/22/2023 23:00,2.12
9/23/2023 2:00,2.45
9/23/2023 5:00,2.28
9/23/2023 8:00,2.46
9/23/2023 11:00,3.54
9/23/2023 14:00,2.01
9/23/2023 17:00,1.96
9/23/2023 20:00,1.86
9/23/2023 23:00,1.74
9/24/2023 2:00,1.68
9/24/2023 5:00,1.61
9/24/2023 8:00,1.57
9/24/2023 11:00,1.52
9/24/2023 14:00,1.48
9/24/2023 17:00,1.45
9/24/2023 20:00,1.5
9/24/2023 23:00,1.5
9/25/2023 2:00,1.48
9/25/2023 5:00,1.47
9/25/2023 8:00,1.47
9/25/2023 11:00,1.46
9/25/2023 14:00,1.45
9/25/2023 17:00,1.38
9/25/2023 23:00,1.43
9/26/2023 2:00,1.42
9/26/2023 5:00,1.41
9/26/2023 8:00,1.43
9/26/2023 11:00,1.38
9/26/2023 17:00,1.36
9/26/2023 23:00,1.41
9/27/2023 2:00,1.4
9/27/2023 5:00,1.4
9/27/2023 8:00,1.39
9/27/2023 11:00,1.37
9/27/2023 14:00,1.38
9/27/2023 17:00,1.4
9/27/2023 20:00,1.41
9/27/2023 23:00,1.42
9/28/2023 2:00,1.4
9/28/2023 5:00,1.39
9/28/2023 8:00,1.39
9/28/2023 11:00,1.45
9/28/2023 14:00,1.4
9/28/2023 17:00,1.38
9/28/2023 20:00,1.4
9/28/2023 23:00,1.4
9/29/2023 2:00,1.4
9/29/2023 5:00,1.39
9/29/2023 8:00,1.38
9/29/2023 11:00,1.37
9/29/2023 14:00,1.35
9/29/2023 17:00,1.36
9/29/2023 20:00,1.39
9/29/2023 23:00,1.39
9/30/2023 2:00,1.38
9/30/2023 5:00,1.37
9/30/2023 8:00,1.37
9/30/2023 11:00,1.37
9/30/2023 14:00,1.35
9/30/2023 17:00,1.37
9/30/2023 20:00,1.39
9/30/2023 23:00,1.39
10/1/2023 2:00,1.39
10/1/2023 5:00,1.37
10/1/2023 8:00,1.35
10/1/2023 11:00,1.35
10/1/2023 14:00,1.32
10/1/2023 17:00,1.3
10/1/2023 20:00,1.39
10/1/2023 23:00,1.39
10/2/2023 2:00,1.38
10/2/2023 5:00,1.35
10/2/2023 8:00,1.34
10/2/2023 11:00,1.35
10/2/2023 14:00,1.26
10/2/2023 17:00,1.22
10/2/2023 20:00,1.33
10/2/2023 23:00,1.32
10/3/2023 2:00,1.32
10/3/2023 5:00,1.31
10/3/2023 8:00,1.32
10/3/2023 11:00,1.32
10/3/2023 17:00,1.23
10/3/2023 20:00,1.32
10/3/2023 23:00,1.33
10/4/2023 2:00,1.32
10/4/2023 5:00,1.31
10/4/2023 8:00,1.33
10/4/2023 11:00,1.29
10/4/2023 14:00,1.26
10/4/2023 17:00,1.27
10/4/2023 20:00,1.31
10/4/2023 23:00,1.33
10/5/2023 2:00,1.33
10/5/2023 5:00,1.32
10/5/2023 8:00,1.32
10/5/2023 11:00,1.29
10/5/2023 14:00,1.23
10/5/2023 17:00,1.22
10/5/2023 20:00,1.32
10/5/2023 23:00,1.33
10/6/2023 2:00,1.31
10/6/2023 5:00,1.32
10/6/2023 8:00,1.34
10/6/2023 11:00,1.33
10/6/2023 14:00,1.28
10/6/2023 17:00,1.32
10/6/2023 20:00,1.29
10/6/2023 23:00,1.34
10/7/2023 2:00,1.34
10/7/2023 5:00,1.33
10/7/2023 8:00,1.33
10/7/2023 11:00,1.31
10/7/2023 14:00,1.3
10/7/2023 17:00,1.24
10/7/2023 20:00,1.32
10/7/2023 23:00,1.33
10/8/2023 2:00,1.33
10/8/2023 5:00,1.31
10/8/2023 8:00,1.34
10/8/2023 11:00,1.31
10/8/2023 14:00,1.26
10/8/2023 17:00,1.23
10/8/2023 20:00,1.32
10/8/2023 23:00,1.32
10/9/2023 2:00,1.33
10/9/2023 5:00,1.32
10/9/2023 8:00,1.33
10/9/2023 11:00,1.32
10/9/2023 14:00,1.24
10/9/2023 17:00,1.21
10/9/2023 20:00,1.33
10/9/2023 23:00,1.32
10/10/2023 2:00,1.33
10/10/2023 5:00,1.32
10/10/2023 8:00,1.3
10/10/2023 11:00,1.28
10/10/2023 14:00,1.39
10/10/2023 17:00,1.26
10/10/2023 20:00,1.35
10/10/2023 23:00,1.34
10/11/2023 2:00,1.34
10/11/2023 5:00,1.33
10/11/2023 8:00,1.33
10/11/2023 11:00,1.3
10/11/2023 14:00,1.26
10/11/2023 17:00,1.29
10/11/2023 20:00,1.32
10/11/2023 23:00,1.32
10/12/2023 2:00,1.33
10/12/2023 5:00,1.33
10/12/2023 8:00,1.33
10/12/2023 11:00,1.71
10/12/2023 14:00,1.51
10/12/2023 17:00,1.39
10/12/2023 20:00,1.42
10/12/2023 23:00,1.4
10/13/2023 2:00,1.39
10/13/2023 5:00,1.38
10/13/2023 8:00,1.38
10/13/2023 11:00,1.36
10/13/2023 14:00,1.5
10/13/2023 17:00,1.36
10/13/2023 20:00,1.43
10/13/2023 23:00,1.42
10/14/2023 2:00,1.41
10/14/2023 5:00,1.4
10/14/2023 8:00,1.4
10/14/2023 11:00,1.7
10/14/2023 14:00,1.56
10/14/2023 17:00,1.69
10/14/2023 20:00,1.77
10/14/2023 23:00,1.65
10/15/2023 2:00,1.65
10/15/2023 5:00,1.58
10/15/2023 8:00,1.55
10/15/2023 11:00,1.49
10/15/2023 14:00,1.49
10/15/2023 17:00,1.47
10/15/2023 20:00,1.51
10/15/2023 23:00,1.52
10/16/2023 2:00,1.51
10/16/2023 5:00,1.51
10/16/2023 8:00,1.51
10/16/2023 11:00,1.45
10/16/2023 14:00,1.43
10/16/2023 17:00,1.58
10/16/2023 20:00,1.55
10/16/2023 23:00,1.53
10/17/2023 2:00,1.52
10/17/2023 5:00,1.5
10/17/2023 8:00,1.49
10/17/2023 11:00,1.45
10/17/2023 14:00,1.42
10/17/2023 17:00,1.44
10/17/2023 20:00,1.47
10/17/2023 23:00,1.46
10/18/2023 2:00,1.46
10/18/2023 5:00,1.46
10/18/2023 8:00,1.46
10/18/2023 11:00,1.43
10/18/2023 14:00,1.37
10/18/2023 17:00,1.39
10/18/2023 20:00,1.41
10/18/2023 23:00,1.42
10/19/2023 2:00,1.4
10/19/2023 5:00,1.4
10/19/2023 8:00,1.39
10/19/2023 11:00,1.41
10/19/2023 14:00,1.33
10/19/2023 17:00,1.34
10/19/2023 20:00,1.38
10/19/2023 23:00,1.39
10/20/2023 2:00,1.38
10/20/2023 5:00,1.37
10/20/2023 8:00,1.36
10/20/2023 11:00,1.36
10/20/2023 14:00,1.24
10/20/2023 17:00,1.32
10/20/2023 20:00,1.68
10/20/2023 23:00,1.83
10/21/2023 2:00,1.71
10/21/2023 5:00,1.62
10/21/2023 8:00,1.56
10/21/2023 11:00,1.52
10/21/2023 14:00,1.41
10/21/2023 17:00,1.45
10/21/2023 20:00,1.48
10/21/2023 23:00,1.5
10/22/2023 2:00,1.48
10/22/2023 5:00,1.48
10/22/2023 8:00,1.47
10/22/2023 11:00,1.46
10/22/2023 14:00,1.38
10/22/2023 17:00,1.42
10/22/2023 20:00,1.45
10/22/2023 23:00,1.45
10/23/2023 2:00,1.44
10/23/2023 5:00,1.44
10/23/2023 8:00,1.45
10/23/2023 11:00,1.43
10/23/2023 14:00,1.37
10/23/2023 17:00,1.4
10/23/2023 20:00,1.43
10/23/2023 23:00,1.43
10/24/2023 2:00,1.43
10/24/2023 5:00,1.42
10/24/2023 8:00,1.42
10/24/2023 11:00,1.43
10/24/2023 14:00,1.31
10/24/2023 17:00,1.34
10/24/2023 20:00,1.41
10/24/2023 23:00,1.41
10/25/2023 2:00,1.41
10/25/2023 5:00,1.4
10/25/2023 8:00,1.4
10/25/2023 11:00,1.43
10/25/2023 14:00,1.27
10/25/2023 17:00,1.27
10/25/2023 20:00,1.39
10/25/2023 23:00,1.4
10/26/2023 2:00,1.38
10/26/2023 5:00,1.39
10/26/2023 8:00,1.39
10/26/2023 11:00,1.56
10/26/2023 14:00,1.34
10/26/2023 17:00,1.29
10/26/2023 20:00,1.41
10/26/2023 23:00,1.41
10/27/2023 2:00,1.39
10/27/2023 5:00,1.39
10/27/2023 8:00,1.4
10/27/2023 11:00,1.38
10/27/2023 14:00,1.24
10/27/2023 17:00,1.25
10/27/2023 20:00,1.38
10/27/2023 23:00,1.4
10/28/2023 2:00,1.4
10/28/2023 5:00,1.38
10/28/2023 8:00,1.39
10/28/2023 11:00,1.35
10/28/2023 14:00,1.23
10/28/2023 17:00,1.25
10/28/2023 20:00,1.35
10/28/2023 23:00,1.38
10/29/2023 2:00,1.39
10/29/2023 5:00,1.37
10/29/2023 8:00,1.4
10/29/2023 11:00,1.36
10/29/2023 14:00,1.25
10/29/2023 17:00,1.27
10/29/2023 20:00,1.36
10/29/2023 23:00,1.38
10/30/2023 2:00,1.38
10/30/2023 5:00,1.39
10/30/2023 8:00,1.37
10/30/2023 11:00,1.34
10/30/2023 14:00,1.25
10/30/2023 17:00,1.24
10/30/2023 20:00,1.34
10/30/2023 23:00,1.34
10/31/2023 2:00,1.33
10/31/2023 5:00,1.32
10/31/2023 8:00,1.32
10/31/2023 11:00,1.31
10/31/2023 14:00,1.32
10/31/2023 17:00,1.32
10/31/2023 20:00,1.32
10/31/2023 23:00,1.31
11/1/2023 2:00,1.34
11/1/2023 5:00,1.33
11/1/2023 8:00,1.33
11/1/2023 11:00,1.3
11/1/2023 14:00,1.27
11/1/2023 17:00,1.29
11/1/2023 20:00,1.31
11/1/2023 23:00,1.33
11/2/2023 2:00,1.32
11/2/2023 5:00,1.32
11/2/2023 8:00,1.31
11/2/2023 11:00,1.3
11/2/2023 14:00,1.24
11/2/2023 17:00,1.29
11/2/2023 20:00,1.33
11/2/2023 23:00,1.33
11/3/2023 2:00,1.32
11/3/2023 5:00,1.32
11/3/2023 8:00,1.32
11/3/2023 11:00,1.32
11/3/2023 14:00,1.24
11/3/2023 17:00,1.28
11/3/2023 20:00,1.33
11/3/2023 23:00,1.33
11/4/2023 2:00,1.32
11/4/2023 5:00,1.32
11/4/2023 8:00,1.32
11/4/2023 11:00,1.33
11/4/2023 14:00,1.27
11/4/2023 17:00,1.29
11/4/2023 20:00,1.32
11/4/2023 23:00,1.32
11/5/2023 1:00,1.32
11/5/2023 4:00,1.32
11/5/2023 7:00,1.31
11/5/2023 10:00,1.3
11/5/2023 13:00,1.25
11/5/2023 16:00,1.27
11/5/2023 19:00,1.32
11/5/2023 22:00,1.32
11/6/2023 1:00,1.31
11/6/2023 4:00,1.31
11/6/2023 7:00,1.31
11/6/2023 10:00,1.31
11/6/2023 13:00,1.17
11/6/2023 16:00,1.29
11/6/2023 19:00,1.34
11/6/2023 22:00,1.35
11/7/2023 1:00,1.33
11/7/2023 4:00,1.32
11/7/2023 7:00,1.33
11/7/2023 10:00,1.3
11/7/2023 13:00,1.2
11/7/2023 16:00,1.22
11/7/2023 19:00,1.31
11/7/2023 22:00,1.33
11/8/2023 1:00,1.33
11/8/2023 4:00,1.3
11/8/2023 7:00,1.31
11/8/2023 10:00,1.32
11/8/2023 13:00,1.24
11/8/2023 16:00,1.25
11/8/2023 19:00,1.3
11/8/2023 22:00,1.32
11/9/2023 1:00,1.31
11/9/2023 4:00,1.33
11/9/2023 7:00,1.33
11/9/2023 10:00,1.27
11/9/2023 13:00,1.2
11/9/2023 16:00,1.18
11/9/2023 19:00,1.3
11/9/2023 22:00,1.32
11/10/2023 1:00,1.3
11/10/2023 4:00,1.31
11/10/2023 7:00,1.32
11/10/2023 10:00,1.27
11/10/2023 13:00,1.28
11/10/2023 16:00,1.29
11/10/2023 19:00,1.3
11/10/2023 22:00,1.3
11/11/2023 1:00,1.29
11/11/2023 4:00,1.29
11/11/2023 7:00,1.29
11/11/2023 10:00,1.29
11/11/2023 13:00,1.29
11/11/2023 16:00,1.3
11/11/2023 19:00,1.32
11/11/2023 22:00,1.31
11/12/2023 1:00,1.31
11/12/2023 4:00,1.31
11/12/2023 7:00,1.9
11/12/2023 10:00,1.79
11/12/2023 13:00,1.6
11/12/2023 16:00,1.75
11/12/2023 19:00,1.59
11/12/2023 22:00,1.49
11/13/2023 1:00,1.42
11/13/2023 4:00,1.39
11/13/2023 7:00,1.38
11/13/2023 10:00,1.39
11/13/2023 13:00,1.29
11/13/2023 16:00,1.34
11/13/2023 19:00,1.36
11/13/2023 22:00,1.37
11/14/2023 1:00,1.39
11/14/2023 4:00,1.37
11/14/2023 7:00,1.38
11/14/2023 10:00,1.37
11/14/2023 13:00,1.29
11/14/2023 16:00,1.34
11/14/2023 19:00,1.49
11/14/2023 22:00,1.42
11/15/2023 1:00,1.4
11/15/2023 4:00,1.39
11/15/2023 7:00,1.37
11/15/2023 10:00,1.35
11/15/2023 13:00,1.33
11/15/2023 16:00,1.34
11/15/2023 19:00,1.35
11/15/2023 22:00,1.36
11/16/2023 1:00,1.36
11/16/2023 4:00,1.35
11/16/2023 7:00,1.35
11/16/2023 10:00,1.36
11/16/2023 13:00,1.26
11/16/2023 16:00,1.34
11/16/2023 19:00,1.36
11/16/2023 22:00,1.35
11/17/2023 1:00,1.35
11/17/2023 4:00,1.35
11/17/2023 7:00,1.34
11/17/2023 10:00,1.36
11/17/2023 13:00,1.23
11/17/2023 16:00,1.28
11/17/2023 19:00,1.36
11/17/2023 22:00,1.36
11/18/2023 1:00,1.35
11/18/2023 4:00,1.36
11/18/2023 7:00,1.36
11/18/2023 10:00,1.34
11/18/2023 13:00,1.31
11/18/2023 16:00,1.33
11/18/2023 19:00,1.34
11/18/2023 22:00,1.36
11/19/2023 1:00,1.35
11/19/2023 4:00,1.36
11/19/2023 7:00,1.35
11/19/2023 10:00,1.34
11/19/2023 13:00,1.3
11/19/2023 16:00,1.33
11/19/2023 19:00,1.35
11/19/2023 22:00,1.37
11/20/2023 1:00,1.36
11/20/2023 4:00,1.37
11/20/2023 7:00,1.36
11/20/2023 10:00,1.36
11/20/2023 13:00,1.31
11/20/2023 16:00,1.33
11/20/2023 19:00,1.34
11/20/2023 22:00,1.35
11/21/2023 1:00,1.34
11/21/2023 4:00,1.34
11/21/2023 7:00,1.34
11/21/2023 10:00,1.34
11/21/2023 13:00,1.34
11/21/2023 16:00,1.3
11/21/2023 19:00,1.33
11/21/2023 22:00,1.78
11/22/2023 1:00,1.74
11/22/2023 4:00,1.62
11/22/2023 7:00,2.99
11/22/2023 10:00,2.4
11/22/2023 13:00,2.06
11/22/2023 16:00,1.81
11/22/2023 19:00,1.75
11/22/2023 22:00,1.81
11/23/2023 1:00,1.75
11/23/2023 4:00,1.71
11/23/2023 7:00,1.69
11/23/2023 10:00,1.64
11/23/2023 13:00,1.53
11/23/2023 16:00,1.58
11/23/2023 19:00,1.57
11/23/2023 22:00,1.55
11/24/2023 1:00,1.53
11/24/2023 4:00,1.52
11/24/2023 7:00,1.5
11/24/2023 10:00,1.51
11/24/2023 13:00,1.44
11/24/2023 16:00,1.48
11/24/2023 19:00,1.48
11/24/2023 22:00,1.48
11/25/2023 1:00,1.48
11/25/2023 4:00,1.47
11/25/2023 7:00,1.47
11/25/2023 10:00,1.45
11/25/2023 13:00,1.41
11/25/2023 16:00,1.43
11/25/2023 19:00,1.44
11/25/2023 22:00,1.44
11/26/2023 1:00,1.43
11/26/2023 4:00,1.44
11/26/2023 7:00,1.43
11/26/2023 10:00,1.43
11/26/2023 13:00,1.41
11/26/2023 16:00,1.43
11/26/2023 19:00,1.43
11/26/2023 22:00,1.48
11/27/2023 1:00,1.47
11/27/2023 4:00,1.45
11/27/2023 7:00,1.58
11/27/2023 10:00,1.55
11/27/2023 13:00,1.47
11/27/2023 16:00,1.51
11/27/2023 19:00,1.5
11/27/2023 22:00,1.48
11/28/2023 1:00,1.47
11/28/2023 4:00,1.47
11/28/2023 7:00,1.45
11/28/2023 10:00,1.45
11/28/2023 13:00,1.37
11/28/2023 16:00,1.42
11/28/2023 19:00,1.45
11/28/2023 22:00,1.45
11/29/2023 1:00,1.44
11/29/2023 4:00,1.44
11/29/2023 7:00,1.43
11/29/2023 10:00,1.42
11/29/2023 13:00,1.34
11/29/2023 16:00,1.41
11/29/2023 19:00,1.44
11/29/2023 22:00,1.42
11/30/2023 1:00,1.42
11/30/2023 4:00,1.43
11/30/2023 7:00,1.42
11/30/2023 10:00,1.4
11/30/2023 13:00,1.49
11/30/2023 16:00,1.46
11/30/2023 19:00,1.49
11/30/2023 22:00,1.44
12/1/2023 1:00,1.44
12/1/2023 4:00,1.42
12/1/2023 7:00,1.42
12/1/2023 10:00,1.4
12/1/2023 13:00,1.34
12/1/2023 16:00,1.36
12/1/2023 19:00,1.38
12/1/2023 22:00,1.37
12/2/2023 1:00,1.36
12/2/2023 4:00,1.36
12/2/2023 7:00,1.36
12/2/2023 10:00,1.35
12/2/2023 13:00,1.33
12/2/2023 16:00,1.39
12/2/2023 19:00,1.42
12/2/2023 22:00,1.39
12/3/2023 1:00,1.4
12/3/2023 4:00,1.83
12/3/2023 7:00,1.69
12/3/2023 10:00,1.6
12/3/2023 13:00,1.53
12/3/2023 16:00,1.52
12/3/2023 19:00,1.51
12/3/2023 22:00,1.5
12/4/2023 1:00,1.53
12/4/2023 4:00,1.51
12/4/2023 7:00,1.53
12/4/2023 10:00,1.52
12/4/2023 13:00,1.45
12/4/2023 16:00,1.51
12/4/2023 19:00,1.53
12/4/2023 22:00,1.53
12/5/2023 1:00,1.54
12/5/2023 4:00,1.56
12/5/2023 7:00,1.57
12/5/2023 10:00,1.58
12/5/2023 13:00,1.48
12/5/2023 16:00,1.53
12/5/2023 19:00,1.57
12/5/2023 22:00,1.57
12/6/2023 1:00,1.56
12/6/2023 4:00,1.58
12/6/2023 7:00,1.58
12/6/2023 10:00,1.57
12/6/2023 13:00,1.56
12/6/2023 16:00,1.57
12/6/2023 19:00,1.59
12/6/2023 22:00,1.59
12/7/2023 1:00,1.59
12/7/2023 4:00,1.59
12/7/2023 7:00,1.6
12/7/2023 10:00,1.58
12/7/2023 13:00,1.48
12/7/2023 16:00,1.52
12/7/2023 19:00,1.59
12/7/2023 22:00,1.6
12/8/2023 1:00,1.62
12/8/2023 4:00,1.58
12/8/2023 7:00,1.6
12/8/2023 10:00,1.57
12/8/2023 13:00,1.54
12/8/2023 16:00,1.53
12/8/2023 19:00,1.59
12/8/2023 22:00,1.57
12/9/2023 1:00,1.59
12/9/2023 4:00,1.58
12/9/2023 7:00,1.59
12/9/2023 10:00,1.55
12/9/2023 13:00,1.44
12/9/2023 16:00,1.49
12/9/2023 19:00,1.54
12/9/2023 22:00,1.56
12/10/2023 1:00,1.54
12/10/2023 4:00,1.54
12/10/2023 7:00,1.54
12/10/2023 10:00,1.69
12/10/2023 13:00,1.98
12/10/2023 16:00,1.86
12/10/2023 19:00,2.03
12/10/2023 22:00,1.94
12/11/2023 1:00,2.65
12/11/2023 4:00,2.26
12/11/2023 7:00,1.9
12/11/2023 10:00,1.82
12/11/2023 13:00,1.77
12/11/2023 16:00,1.76
12/11/2023 19:00,1.76
12/11/2023 22:00,1.75
12/12/2023 1:00,1.75
12/12/2023 4:00,1.74
12/12/2023 7:00,1.75
12/12/2023 10:00,1.74
12/12/2023 13:00,1.62
12/12/2023 16:00,1.67
12/12/2023 19:00,1.74
12/12/2023 22:00,1.73
12/13/2023 1:00,1.73
12/13/2023 4:00,1.73
12/13/2023 7:00,1.73
12/13/2023 10:00,1.72
12/13/2023 13:00,1.7
12/13/2023 16:00,1.77
12/13/2023 19:00,1.74
12/13/2023 22:00,1.72
12/14/2023 1:00,1.72
12/14/2023 4:00,1.72
12/14/2023 7:00,1.71
12/14/2023 10:00,1.71
12/14/2023 13:00,1.67
12/14/2023 16:00,1.7
12/14/2023 19:00,1.71
12/14/2023 22:00,1.78
12/15/2023 1:00,1.78
12/15/2023 4:00,1.74
12/15/2023 7:00,1.73
12/15/2023 10:00,1.73
12/15/2023 13:00,1.61
12/15/2023 16:00,1.69
12/15/2023 19:00,1.7
12/15/2023 22:00,1.71
12/16/2023 1:00,1.69
12/16/2023 4:00,1.69
12/16/2023 7:00,1.7
12/16/2023 10:00,1.69
12/16/2023 13:00,1.64
12/16/2023 16:00,1.67
12/16/2023 19:00,1.68
12/16/2023 22:00,1.67
12/17/2023 1:00,1.67
12/17/2023 4:00,1.67
12/17/2023 7:00,1.67
12/17/2023 10:00,1.66
12/17/2023 13:00,2.26
12/17/2023 16:00,2.73
12/17/2023 19:00,2.66
12/17/2023 22:00,2.72
12/18/2023 1:00,2.38
12/18/2023 4:00,2.49
12/18/2023 7:00,1.97
12/18/2023 10:00,1.88
12/18/2023 13:00,1.81
12/18/2023 16:00,1.86
12/18/2023 19:00,1.79
12/18/2023 22:00,1.79
12/19/2023 1:00,1.79
12/19/2023 4:00,1.78
12/19/2023 7:00,1.78
12/19/2023 10:00,1.76
12/19/2023 13:00,1.71
12/19/2023 16:00,1.75
12/19/2023 19:00,1.77
12/19/2023 22:00,1.77
12/20/2023 1:00,1.76
12/20/2023 4:00,1.75
12/20/2023 7:00,1.75
12/20/2023 10:00,1.74
12/20/2023 13:00,1.69
12/20/2023 16:00,1.73
12/20/2023 19:00,1.76
12/20/2023 22:00,1.75
12/21/2023 1:00,1.75
12/21/2023 4:00,1.74
12/21/2023 7:00,1.75
12/21/2023 10:00,1.74
12/21/2023 13:00,1.68
12/21/2023 16:00,1.72
12/21/2023 19:00,1.74
12/21/2023 22:00,1.74
12/22/2023 1:00,1.74
12/22/2023 4:00,1.74
12/22/2023 7:00,1.73
12/22/2023 10:00,1.72
12/22/2023 13:00,1.68
12/22/2023 16:00,1.7
12/22/2023 19:00,1.73
12/22/2023 22:00,1.73
12/23/2023 1:00,1.73
12/23/2023 4:00,1.73
12/23/2023 7:00,1.74
12/23/2023 10:00,1.74
12/23/2023 13:00,1.63
12/23/2023 16:00,1.69
12/23/2023 19:00,1.74
12/23/2023 22:00,1.73
12/24/2023 1:00,1.73
12/24/2023 4:00,1.73
12/24/2023 7:00,1.72
12/24/2023 10:00,1.74
12/24/2023 13:00,1.59
12/24/2023 16:00,1.68
12/24/2023 19:00,1.73
12/24/2023 22:00,1.73
12/25/2023 1:00,1.72
12/25/2023 4:00,1.73
12/25/2023 7:00,1.73
12/25/2023 10:00,1.74
12/25/2023 13:00,1.68
12/25/2023 16:00,1.72
12/25/2023 19:00,1.7
12/25/2023 22:00,1.73
12/26/2023 1:00,1.71
12/26/2023 4:00,1.7
12/26/2023 7:00,1.72
12/26/2023 10:00,1.7
12/26/2023 13:00,1.69
12/26/2023 16:00,1.7
12/26/2023 19:00,1.7
12/26/2023 22:00,1.7
12/27/2023 1:00,2.27
12/27/2023 4:00,2.3
12/27/2023 7:00,1.88
12/27/2023 10:00,1.98
12/27/2023 13:00,2.1
12/27/2023 16:00,1.83
12/27/2023 19:00,1.77
12/27/2023 22:00,1.79
12/28/2023 1:00,1.79
12/28/2023 4:00,1.77
12/28/2023 7:00,1.74
12/28/2023 10:00,1.75
12/28/2023 13:00,1.72
12/28/2023 16:00,1.73
12/28/2023 19:00,1.79
12/28/2023 22:00,1.76
12/29/2023 1:00,1.75
12/29/2023 4:00,1.75
12/29/2023 7:00,1.75
12/29/2023 10:00,1.74
12/29/2023 13:00,1.66
12/29/2023 16:00,1.71
12/29/2023 19:00,1.73
12/29/2023 22:00,1.74
12/30/2023 1:00,1.75
12/30/2023 4:00,1.75
12/30/2023 7:00,1.74
12/30/2023 10:00,1.73
12/30/2023 13:00,1.69
12/30/2023 16:00,1.73
12/30/2023 19:00,1.75
12/30/2023 22:00,1.75
12/31/2023 1:00,1.74
12/31/2023 4:00,1.74
12/31/2023 7:00,1.74
12/31/2023 10:00,1.75
12/31/2023 13:00,1.67
12/31/2023 16:00,1.71
12/31/2023 19:00,1.74
12/31/2023 22:00,1.74
1/1/2024 1:00,1.73
1/1/2024 4:00,1.72
1/1/2024 7:00,1.73
1/1/2024 10:00,1.7
1/1/2024 13:00,1.68
1/1/2024 16:00,1.7
1/1/2024 19:00,1.71
1/1/2024 22:00,1.7
1/2/2024 1:00,1.71
1/2/2024 4:00,1.71
1/2/2024 7:00,1.71
1/2/2024 10:00,1.72
1/2/2024 13:00,1.7
1/2/2024 16:00,1.71
1/2/2024 19:00,1.72
1/2/2024 22:00,1.72
1/3/2024 1:00,1.73
1/3/2024 4:00,1.75
1/3/2024 7:00,1.75
1/3/2024 10:00,1.73
1/3/2024 13:00,1.64
1/3/2024 16:00,1.7
1/3/2024 19:00,1.71
1/3/2024 22:00,1.71
1/4/2024 1:00,1.7
1/4/2024 4:00,1.89
1/4/2024 7:00,1.78
1/4/2024 10:00,1.75
1/4/2024 13:00,1.72
1/4/2024 16:00,1.72
1/4/2024 19:00,1.73
1/4/2024 22:00,1.74
1/5/2024 1:00,1.75
1/5/2024 4:00,1.74
1/5/2024 7:00,1.74
1/5/2024 10:00,1.74
1/5/2024 13:00,1.67
1/5/2024 16:00,1.7
1/5/2024 19:00,1.74
1/5/2024 22:00,1.74
1/6/2024 1:00,1.74
1/6/2024 4:00,1.73
1/6/2024 7:00,1.73
1/6/2024 10:00,2.03
1/6/2024 13:00,1.8
1/6/2024 16:00,2.85
1/6/2024 19:00,1.9
1/6/2024 22:00,1.84
1/7/2024 1:00,1.83
1/7/2024 4:00,1.77
1/7/2024 7:00,1.74
1/7/2024 10:00,1.71
1/7/2024 13:00,1.69
1/7/2024 16:00,1.7
1/7/2024 19:00,1.74
1/7/2024 22:00,1.73
1/8/2024 1:00,1.71
1/8/2024 4:00,1.72
1/8/2024 7:00,1.72
1/8/2024 10:00,1.71
1/8/2024 13:00,1.69
1/8/2024 16:00,1.7
1/8/2024 19:00,1.72
1/8/2024 22:00,1.72
1/9/2024 1:00,1.71
1/9/2024 4:00,1.71
1/9/2024 7:00,1.72
1/9/2024 10:00,1.81
1/9/2024 13:00,1.7
1/9/2024 16:00,2.02
1/9/2024 19:00,2.3
1/9/2024 22:00,2.22
1/10/2024 1:00,1.93
1/10/2024 4:00,1.87
1/10/2024 7:00,1.84
1/10/2024 10:00,1.8
1/10/2024 13:00,1.76
1/10/2024 16:00,1.79
1/10/2024 19:00,1.78
1/10/2024 22:00,1.8
1/11/2024 1:00,1.8
1/11/2024 4:00,1.78
1/11/2024 7:00,1.78
1/11/2024 10:00,1.76
1/11/2024 13:00,1.74
1/11/2024 16:00,1.71
1/11/2024 19:00,1.77
1/11/2024 22:00,1.76
1/12/2024 1:00,1.76
1/12/2024 4:00,1.75
1/12/2024 7:00,1.75
1/12/2024 10:00,1.77
1/12/2024 13:00,1.72
1/12/2024 16:00,1.73
1/12/2024 19:00,1.76
1/12/2024 22:00,2.75
1/13/2024 1:00,1.9
1/13/2024 4:00,1.81
1/13/2024 7:00,1.85
1/13/2024 10:00,1.81
1/13/2024 13:00,1.75
1/13/2024 16:00,1.75
1/13/2024 19:00,1.81
1/13/2024 22:00,1.81
1/14/2024 1:00,1.79
1/14/2024 4:00,1.8
1/14/2024 7:00,1.79
1/14/2024 10:00,1.8
1/14/2024 13:00,1.72
1/14/2024 16:00,1.76
1/14/2024 19:00,1.81
1/14/2024 22:00,1.79
1/15/2024 1:00,1.78
1/15/2024 4:00,1.78
1/15/2024 7:00,1.79
1/15/2024 10:00,1.78
1/15/2024 13:00,1.75
1/15/2024 16:00,1.76
1/15/2024 19:00,1.79
1/15/2024 22:00,1.79
1/16/2024 1:00,1.78
1/16/2024 4:00,1.78
1/16/2024 7:00,1.78
1/16/2024 10:00,1.76
1/16/2024 13:00,1.75
1/16/2024 16:00,1.93
1/16/2024 19:00,1.81
1/16/2024 22:00,1.78
1/17/2024 1:00,1.77
1/17/2024 4:00,1.77
1/17/2024 7:00,1.77
1/17/2024 10:00,1.77
1/17/2024 13:00,1.7
1/17/2024 16:00,1.74
1/17/2024 19:00,1.78
1/17/2024 22:00,1.79
1/18/2024 1:00,1.79
1/18/2024 4:00,1.78
1/18/2024 7:00,1.78
1/18/2024 10:00,1.79
1/18/2024 13:00,1.73
1/18/2024 16:00,1.75
1/18/2024 19:00,1.78
1/18/2024 22:00,1.78
1/19/2024 1:00,1.78
1/19/2024 4:00,1.77
1/19/2024 7:00,1.77
1/19/2024 10:00,1.78
1/19/2024 13:00,1.72
1/19/2024 16:00,1.76
1/19/2024 19:00,1.77
1/19/2024 22:00,1.76
1/20/2024 1:00,1.77
1/20/2024 4:00,1.78
1/20/2024 7:00,1.78
1/20/2024 10:00,1.76
1/20/2024 13:00,1.75
1/20/2024 16:00,1.73
1/20/2024 19:00,1.77
1/20/2024 22:00,1.78
1/21/2024 1:00,1.78
1/21/2024 4:00,1.79
1/21/2024 7:00,1.78
1/21/2024 10:00,1.77
1/21/2024 13:00,1.72
1/21/2024 16:00,1.75
1/21/2024 19:00,1.77
1/21/2024 22:00,1.78
1/22/2024 1:00,1.78
1/22/2024 4:00,1.78
1/22/2024 7:00,1.78
1/22/2024 10:00,1.79
1/22/2024 13:00,1.7
1/22/2024 16:00,1.66
1/22/2024 19:00,1.78
1/22/2024 22:00,1.77
1/23/2024 1:00,1.79
1/23/2024 4:00,1.77
1/23/2024 7:00,1.77
1/23/2024 10:00,1.75
1/23/2024 13:00,1.85
1/23/2024 16:00,1.76
1/23/2024 19:00,1.77
1/23/2024 22:00,1.77
1/24/2024 1:00,1.76
1/24/2024 4:00,1.76
1/24/2024 7:00,1.76
1/24/2024 10:00,1.73
1/24/2024 13:00,1.65
1/24/2024 16:00,1.66
1/24/2024 19:00,1.7
1/24/2024 22:00,1.73
1/25/2024 1:00,1.73
1/25/2024 4:00,1.72
1/25/2024 7:00,1.71
1/25/2024 10:00,1.71
1/25/2024 13:00,1.71
1/25/2024 16:00,1.7
1/25/2024 19:00,1.94
1/25/2024 22:00,1.77
1/26/2024 1:00,1.73
1/26/2024 4:00,1.73
1/26/2024 7:00,1.73
1/26/2024 10:00,1.77
1/26/2024 13:00,1.69
1/26/2024 16:00,1.67
1/26/2024 19:00,1.75
1/26/2024 22:00,1.75
1/27/2024 1:00,1.75
1/27/2024 4:00,1.77
1/27/2024 7:00,1.78
1/27/2024 10:00,1.78
1/27/2024 13:00,1.75
1/27/2024 16:00,1.75
1/27/2024 19:00,1.76
1/27/2024 22:00,1.77
1/28/2024 1:00,1.77
1/28/2024 4:00,1.76
1/28/2024 7:00,1.73
1/28/2024 10:00,1.71
1/28/2024 13:00,1.63
1/28/2024 16:00,1.69
1/28/2024 19:00,1.78
1/28/2024 22:00,1.78
1/29/2024 1:00,1.79
1/29/2024 4:00,1.78
1/29/2024 7:00,1.79
1/29/2024 10:00,1.78
1/29/2024 13:00,1.76
1/29/2024 16:00,1.75
1/29/2024 19:00,1.8
1/29/2024 22:00,1.79
1/30/2024 1:00,1.78
1/30/2024 4:00,1.79
1/30/2024 7:00,1.79
1/30/2024 10:00,1.79
1/30/2024 13:00,1.7
1/30/2024 16:00,1.69
1/30/2024 19:00,1.78
1/30/2024 22:00,1.77
1/31/2024 1:00,1.77
1/31/2024 4:00,1.77
1/31/2024 7:00,1.77
1/31/2024 10:00,1.77
1/31/2024 13:00,1.76
