Time,Water_level 
7/31/2023 14:00,-0.0702
7/31/2023 17:00,-0.0801
7/31/2023 20:00,0.0938
7/31/2023 23:00,0.0807
8/1/2023 2:00,0.123
8/1/2023 5:00,-0.0144
8/1/2023 8:00,0.0774
8/1/2023 11:00,-0.00787
8/1/2023 14:00,-0.0407
8/1/2023 17:00,-0.0997
8/1/2023 20:00,0.11
8/1/2023 23:00,0.13
8/2/2023 2:00,0.12
8/2/2023 5:00,0.127
8/2/2023 8:00,0.127
8/2/2023 11:00,0.0512
8/2/2023 14:00,0.0315
8/2/2023 17:00,0.0151
8/2/2023 20:00,0.11
8/2/2023 23:00,0.123
8/3/2023 2:00,0.143
8/3/2023 5:00,0.14
8/3/2023 8:00,0.153
8/3/2023 11:00,0.0381
8/3/2023 14:00,0.0577
8/3/2023 17:00,0.061
8/3/2023 20:00,0.11
8/3/2023 23:00,0.12
8/4/2023 2:00,0.133
8/4/2023 5:00,0.143
8/4/2023 8:00,0.146
8/4/2023 11:00,0.205
8/4/2023 14:00,0.304
8/4/2023 17:00,0.215
8/4/2023 20:00,0.898
8/4/2023 23:00,0.428
8/5/2023 2:00,0.294
8/5/2023 5:00,0.251
8/5/2023 8:00,0.186
8/5/2023 11:00,0.11
8/5/2023 14:00,0.0413
8/5/2023 17:00,-0.0112
8/5/2023 20:00,0.107
8/5/2023 23:00,0.117
8/6/2023 2:00,0.12
8/6/2023 5:00,0.127
8/6/2023 8:00,0.13
8/6/2023 11:00,0.0184
8/6/2023 14:00,-0.00787
8/6/2023 17:00,-0.0407
8/6/2023 20:00,0.0971
8/6/2023 23:00,0.11
8/7/2023 2:00,0.11
8/7/2023 5:00,0.107
8/7/2023 8:00,0.13
8/7/2023 11:00,0.0282
8/7/2023 14:00,0.00525
8/7/2023 17:00,-0.0341
8/7/2023 20:00,0.0971
8/7/2023 23:00,0.478
8/8/2023 2:00,0.251
8/8/2023 5:00,0.196
8/8/2023 8:00,0.153
8/8/2023 11:00,0.0545
8/8/2023 14:00,0.0118
8/8/2023 17:00,-0.0144
8/8/2023 20:00,0.0971
8/8/2023 23:00,0.1
8/9/2023 2:00,0.133
8/9/2023 5:00,0.133
8/9/2023 8:00,0.136
8/9/2023 11:00,0.0315
8/9/2023 14:00,-0.021
8/9/2023 17:00,0.00197
8/9/2023 20:00,0.0807
8/9/2023 23:00,0.12
8/10/2023 2:00,0.14
8/10/2023 5:00,0.136
8/10/2023 8:00,0.136
8/10/2023 11:00,0.0873
8/10/2023 14:00,0.104
8/10/2023 17:00,0.0938
8/10/2023 20:00,0.123
8/10/2023 23:00,0.14
8/11/2023 2:00,0.14
8/11/2023 5:00,0.143
8/11/2023 8:00,0.156
8/11/2023 11:00,0.0643
8/11/2023 14:00,0.0348
8/11/2023 17:00,0.0446
8/11/2023 20:00,0.127
8/11/2023 23:00,0.143
8/12/2023 2:00,0.146
8/12/2023 5:00,0.15
8/12/2023 8:00,0.156
8/12/2023 11:00,0.0479
8/12/2023 14:00,0.0577
8/12/2023 17:00,-0.00787
8/12/2023 20:00,0.117
8/12/2023 23:00,0.133
8/13/2023 2:00,0.153
8/13/2023 5:00,0.153
8/13/2023 8:00,0.556
8/13/2023 11:00,0.514
8/13/2023 14:00,0.179
8/13/2023 17:00,0.11
8/13/2023 20:00,0.225
8/13/2023 23:00,0.202
8/14/2023 2:00,0.169
8/14/2023 5:00,0.173
8/14/2023 8:00,0.153
8/14/2023 11:00,0.0315
8/14/2023 14:00,0.0479
8/14/2023 17:00,0.0676
8/14/2023 20:00,0.14
8/14/2023 23:00,0.146
8/15/2023 2:00,0.143
8/15/2023 5:00,0.146
8/15/2023 8:00,0.14
8/15/2023 11:00,0.0643
8/15/2023 14:00,0.0676
8/15/2023 17:00,0.0348
8/15/2023 20:00,2.04
8/15/2023 23:00,0.468
8/16/2023 2:00,0.291
8/16/2023 5:00,0.222
8/16/2023 8:00,0.179
8/16/2023 11:00,0.084
8/16/2023 14:00,0.061
8/16/2023 17:00,0.0217
8/16/2023 20:00,0.11
8/16/2023 23:00,0.117
8/17/2023 2:00,0.123
8/17/2023 5:00,0.11
8/17/2023 8:00,0.104
8/17/2023 11:00,0.0741
8/17/2023 14:00,0.0217
8/17/2023 17:00,0.0217
8/17/2023 20:00,0.123
8/17/2023 23:00,0.143
8/18/2023 2:00,0.14
8/18/2023 5:00,0.123
8/18/2023 8:00,0.136
8/18/2023 11:00,0.0217
8/18/2023 14:00,0.0217
8/18/2023 17:00,-0.0374
8/18/2023 20:00,0.104
8/18/2023 23:00,0.123
8/19/2023 2:00,0.127
8/19/2023 5:00,0.133
8/19/2023 8:00,0.14
8/19/2023 11:00,0.0348
8/19/2023 14:00,-0.0177
8/19/2023 17:00,-0.021
8/19/2023 20:00,0.123
8/19/2023 23:00,0.15
8/20/2023 2:00,0.133
8/20/2023 5:00,0.136
8/20/2023 8:00,0.146
8/20/2023 11:00,0.0348
8/20/2023 14:00,0.0577
8/20/2023 17:00,-0.0538
8/20/2023 20:00,0.117
8/20/2023 23:00,0.15
8/21/2023 2:00,0.15
8/21/2023 5:00,0.166
8/21/2023 8:00,0.166
8/21/2023 11:00,0.0643
8/21/2023 14:00,0.0151
8/21/2023 17:00,-0.00131
8/21/2023 20:00,0.127
8/21/2023 23:00,0.133
8/22/2023 2:00,0.127
8/22/2023 5:00,0.133
8/22/2023 8:00,0.13
8/22/2023 11:00,0.0413
8/22/2023 14:00,0.00197
8/22/2023 17:00,0.0643
8/22/2023 20:00,0.127
8/22/2023 23:00,0.127
8/23/2023 2:00,0.13
8/23/2023 5:00,0.153
8/23/2023 8:00,0.15
8/23/2023 11:00,0.0479
8/23/2023 14:00,0.0315
8/23/2023 17:00,0.00197
8/23/2023 20:00,0.0906
8/23/2023 23:00,0.12
8/24/2023 2:00,0.107
8/24/2023 5:00,0.114
8/24/2023 8:00,0.104
8/24/2023 11:00,0.0217
8/24/2023 14:00,0.00197
8/24/2023 17:00,-0.00459
8/24/2023 20:00,0.0774
8/24/2023 23:00,0.0938
8/25/2023 2:00,0.11
8/25/2023 5:00,0.133
8/25/2023 8:00,0.133
8/25/2023 11:00,0.0315
8/25/2023 14:00,-0.00787
8/25/2023 17:00,-0.0177
8/25/2023 20:00,0.084
8/25/2023 23:00,0.1
8/26/2023 2:00,0.146
8/26/2023 5:00,0.13
8/26/2023 8:00,0.127
8/26/2023 11:00,0.0315
8/26/2023 14:00,0.00853
8/26/2023 17:00,-0.00787
8/26/2023 20:00,0.0938
8/26/2023 23:00,0.107
8/27/2023 2:00,0.15
8/27/2023 5:00,0.133
8/27/2023 8:00,0.12
8/27/2023 11:00,0.0545
8/27/2023 14:00,0.0282
8/27/2023 17:00,0.0315
8/27/2023 20:00,0.117
8/27/2023 23:00,0.153
8/28/2023 2:00,0.507
8/28/2023 5:00,0.314
8/28/2023 8:00,0.228
8/28/2023 11:00,0.232
8/28/2023 14:00,0.232
8/28/2023 17:00,0.0348
8/28/2023 20:00,0.13
8/28/2023 23:00,0.507
8/29/2023 2:00,0.468
8/29/2023 5:00,0.392
8/29/2023 8:00,0.264
8/29/2023 11:00,0.225
8/29/2023 14:00,0.0741
8/29/2023 17:00,-0.00131
8/29/2023 20:00,0.12
8/29/2023 23:00,1.77
8/30/2023 2:00,0.346
8/30/2023 5:00,0.245
8/30/2023 8:00,0.205
8/30/2023 11:00,0.117
8/30/2023 14:00,0.0545
8/30/2023 17:00,0.114
8/30/2023 20:00,0.478
8/30/2023 23:00,0.809
8/31/2023 2:00,1.07
8/31/2023 5:00,1.54
8/31/2023 8:00,0.881
8/31/2023 11:00,0.776
8/31/2023 14:00,0.373
8/31/2023 17:00,0.232
8/31/2023 20:00,0.219
8/31/2023 23:00,0.209
9/1/2023 2:00,0.166
9/1/2023 5:00,0.143
9/1/2023 8:00,0.166
9/1/2023 11:00,0.0741
9/1/2023 14:00,0.0479
9/1/2023 17:00,0.117
9/1/2023 20:00,0.14
9/1/2023 23:00,0.117
9/2/2023 2:00,0.117
9/2/2023 5:00,0.114
9/2/2023 8:00,0.117
9/2/2023 11:00,0.0348
9/2/2023 14:00,-0.0276
9/2/2023 17:00,-0.0768
9/2/2023 20:00,0.0873
9/2/2023 23:00,0.1
9/3/2023 2:00,0.1
9/3/2023 5:00,0.1
9/3/2023 8:00,0.104
9/3/2023 11:00,0.0184
9/3/2023 14:00,-0.0374
9/3/2023 17:00,-0.0801
9/3/2023 20:00,0.0676
9/3/2023 23:00,0.12
9/4/2023 2:00,0.114
9/4/2023 5:00,0.107
9/4/2023 8:00,0.127
9/4/2023 11:00,0.0249
9/4/2023 14:00,-0.0177
9/4/2023 17:00,-0.0407
9/4/2023 20:00,0.0873
9/4/2023 23:00,0.11
9/5/2023 2:00,0.114
9/5/2023 5:00,0.123
9/5/2023 8:00,0.117
9/5/2023 11:00,0.00853
9/5/2023 14:00,-0.021
9/5/2023 17:00,-0.00131
9/5/2023 20:00,0.0971
9/5/2023 23:00,0.114
9/6/2023 2:00,0.12
9/6/2023 5:00,0.123
9/6/2023 8:00,0.13
9/6/2023 11:00,0.0643
9/6/2023 14:00,0.0807
9/6/2023 17:00,-0.00787
9/6/2023 20:00,0.123
9/6/2023 23:00,0.13
9/7/2023 2:00,0.114
9/7/2023 5:00,0.12
9/7/2023 8:00,0.11
9/7/2023 11:00,0.0381
9/7/2023 14:00,0.00525
9/7/2023 17:00,-0.0144
9/7/2023 20:00,0.117
9/7/2023 23:00,0.117
9/8/2023 2:00,0.12
9/8/2023 5:00,0.127
9/8/2023 8:00,0.14
9/8/2023 11:00,0.061
9/8/2023 14:00,0.0249
9/8/2023 17:00,0.363
9/8/2023 20:00,0.205
9/8/2023 23:00,0.15
9/9/2023 2:00,0.104
9/9/2023 5:00,0.0938
9/9/2023 8:00,0.11
9/9/2023 11:00,0.0282
9/9/2023 14:00,0.0249
9/9/2023 17:00,0.0938
9/9/2023 20:00,0.471
9/9/2023 23:00,0.271
9/10/2023 2:00,0.199
9/10/2023 5:00,0.159
9/10/2023 8:00,0.14
9/10/2023 11:00,0.0873
9/10/2023 14:00,-0.0276
9/10/2023 17:00,-0.0636
9/10/2023 20:00,0.0906
9/10/2023 23:00,0.104
9/11/2023 2:00,0.117
9/11/2023 5:00,0.12
9/11/2023 8:00,0.123
9/11/2023 11:00,0.0217
9/11/2023 14:00,0.00197
9/11/2023 17:00,-0.0604
9/11/2023 20:00,0.0971
9/11/2023 23:00,0.11
9/12/2023 2:00,0.114
9/12/2023 5:00,0.104
9/12/2023 8:00,0.11
9/12/2023 11:00,0.0381
9/12/2023 14:00,-0.0505
9/12/2023 17:00,-0.00459
9/12/2023 20:00,0.1
9/12/2023 23:00,0.376
9/13/2023 2:00,2.93
9/13/2023 5:00,0.425
9/13/2023 8:00,0.304
9/13/2023 11:00,0.189
9/13/2023 14:00,0.0545
9/13/2023 17:00,0.107
9/13/2023 20:00,0.691
9/13/2023 23:00,0.261
9/14/2023 2:00,0.182
9/14/2023 5:00,0.146
9/14/2023 8:00,0.133
9/14/2023 11:00,0.0709
9/14/2023 14:00,0.00853
9/14/2023 17:00,-0.0276
9/14/2023 20:00,0.0741
9/14/2023 23:00,0.0741
9/15/2023 2:00,0.0709
9/15/2023 5:00,0.0774
9/15/2023 8:00,0.0971
9/15/2023 11:00,0.0446
9/15/2023 14:00,-0.0636
9/15/2023 17:00,-0.0669
9/15/2023 20:00,0.0545
9/15/2023 23:00,0.084
9/16/2023 2:00,0.084
9/16/2023 5:00,0.0807
9/16/2023 8:00,0.0938
9/16/2023 11:00,0.0381
9/16/2023 14:00,-0.0636
9/16/2023 17:00,-0.113
9/16/2023 20:00,0.0643
9/16/2023 23:00,0.084
9/17/2023 2:00,0.0807
9/17/2023 5:00,0.0643
9/17/2023 8:00,0.0741
9/17/2023 11:00,0.0184
9/17/2023 14:00,-0.021
9/17/2023 17:00,0.0545
9/17/2023 20:00,0.245
9/17/2023 23:00,0.228
9/18/2023 2:00,0.189
9/18/2023 5:00,0.13
9/18/2023 8:00,0.127
9/18/2023 11:00,0.0906
9/18/2023 14:00,0.0217
9/18/2023 17:00,0.0643
9/18/2023 20:00,0.117
9/18/2023 23:00,0.1
9/19/2023 2:00,0.0938
9/19/2023 5:00,0.0774
9/19/2023 8:00,0.0971
9/19/2023 11:00,0.0479
9/19/2023 14:00,-0.0735
9/19/2023 17:00,-0.0833
9/19/2023 20:00,0.0676
9/19/2023 23:00,0.084
9/20/2023 2:00,0.0741
9/20/2023 5:00,0.084
9/20/2023 8:00,0.084
9/20/2023 11:00,0.0184
9/20/2023 14:00,-0.0768
9/20/2023 17:00,-0.0768
9/20/2023 20:00,0.0807
9/20/2023 23:00,0.0873
9/21/2023 2:00,0.127
9/21/2023 5:00,0.261
9/21/2023 8:00,0.182
9/21/2023 11:00,0.0643
9/21/2023 14:00,-0.0472
9/21/2023 17:00,-0.0374
9/21/2023 20:00,0.061
9/21/2023 23:00,0.1
9/22/2023 2:00,0.084
9/22/2023 5:00,0.0741
9/22/2023 8:00,0.0873
9/22/2023 11:00,0.0906
9/22/2023 14:00,0.297
9/22/2023 17:00,0.93
9/22/2023 20:00,0.983
9/22/2023 23:00,1.77
9/23/2023 2:00,1.17
9/23/2023 5:00,0.976
9/23/2023 8:00,1.48
9/23/2023 11:00,2.31
9/23/2023 14:00,0.684
9/23/2023 17:00,0.645
9/23/2023 20:00,0.491
9/23/2023 23:00,0.343
9/24/2023 2:00,0.294
9/24/2023 5:00,0.268
9/24/2023 8:00,0.232
9/24/2023 11:00,0.186
9/24/2023 14:00,0.1
9/24/2023 17:00,0.0676
9/24/2023 20:00,0.173
9/24/2023 23:00,0.173
9/25/2023 2:00,0.156
9/25/2023 5:00,0.163
9/25/2023 8:00,0.176
9/25/2023 11:00,0.13
9/25/2023 14:00,-0.00787
9/25/2023 17:00,0.0184
9/25/2023 20:00,0.133
9/25/2023 23:00,0.143
9/26/2023 2:00,0.13
9/26/2023 5:00,0.14
9/26/2023 8:00,0.133
9/26/2023 11:00,0.1
9/26/2023 14:00,0.0184
9/26/2023 17:00,0.0282
9/26/2023 20:00,0.117
9/26/2023 23:00,0.136
9/27/2023 2:00,0.133
9/27/2023 5:00,0.13
9/27/2023 8:00,0.11
9/27/2023 11:00,0.0938
9/27/2023 14:00,0.0446
9/27/2023 17:00,0.114
9/27/2023 20:00,0.117
9/27/2023 23:00,0.13
9/28/2023 2:00,0.127
9/28/2023 5:00,0.13
9/28/2023 8:00,0.13
9/28/2023 11:00,0.143
9/28/2023 14:00,0.114
9/28/2023 17:00,0.117
9/28/2023 20:00,0.136
9/28/2023 23:00,0.136
9/29/2023 2:00,0.133
9/29/2023 5:00,0.133
9/29/2023 8:00,0.123
9/29/2023 11:00,0.0971
9/29/2023 14:00,0.084
9/29/2023 17:00,0.117
9/29/2023 20:00,0.136
9/29/2023 23:00,0.14
9/30/2023 2:00,0.14
9/30/2023 5:00,0.143
9/30/2023 8:00,0.133
9/30/2023 11:00,0.0873
9/30/2023 14:00,0.0741
9/30/2023 17:00,0.123
9/30/2023 20:00,0.136
9/30/2023 23:00,0.133
10/1/2023 2:00,0.153
10/1/2023 5:00,0.146
10/1/2023 8:00,0.136
10/1/2023 11:00,0.11
10/1/2023 14:00,0.0184
10/1/2023 17:00,0.0413
10/1/2023 20:00,0.15
10/1/2023 23:00,0.15
10/2/2023 2:00,0.15
10/2/2023 5:00,0.14
10/2/2023 8:00,0.13
10/2/2023 11:00,0.0938
10/2/2023 14:00,-0.044
10/2/2023 17:00,-0.00459
10/2/2023 20:00,0.1
10/2/2023 23:00,0.107
10/3/2023 2:00,0.114
10/3/2023 5:00,0.11
10/3/2023 8:00,0.12
10/3/2023 11:00,0.0971
10/3/2023 14:00,-0.0341
10/3/2023 17:00,-0.044
10/3/2023 20:00,0.104
10/3/2023 23:00,0.107
10/4/2023 2:00,0.0971
10/4/2023 5:00,0.11
10/4/2023 8:00,0.117
10/4/2023 11:00,0.0676
10/4/2023 14:00,-0.021
10/4/2023 17:00,0.0348
10/4/2023 20:00,0.11
10/4/2023 23:00,0.11
10/5/2023 2:00,0.11
10/5/2023 5:00,0.0873
10/5/2023 8:00,0.13
10/5/2023 11:00,0.0807
10/5/2023 14:00,-0.0669
10/5/2023 17:00,-0.0276
10/5/2023 20:00,0.107
10/5/2023 23:00,0.11
10/6/2023 2:00,0.11
10/6/2023 5:00,0.1
10/6/2023 8:00,0.114
10/6/2023 11:00,0.0413
10/6/2023 14:00,0.0577
10/6/2023 17:00,0.0741
10/6/2023 20:00,0.114
10/6/2023 23:00,0.1
10/7/2023 2:00,0.107
10/7/2023 5:00,0.12
10/7/2023 8:00,0.114
10/7/2023 11:00,0.0545
10/7/2023 14:00,0.0676
10/7/2023 17:00,-0.00787
10/7/2023 20:00,0.123
10/7/2023 23:00,0.163
10/8/2023 2:00,0.104
10/8/2023 5:00,0.123
10/8/2023 8:00,0.136
10/8/2023 11:00,0.0774
10/8/2023 14:00,-0.0144
10/8/2023 17:00,-0.00131
10/8/2023 20:00,0.123
10/8/2023 23:00,0.13
10/9/2023 2:00,0.123
10/9/2023 5:00,0.114
10/9/2023 8:00,0.14
10/9/2023 11:00,0.12
10/9/2023 14:00,0.0118
10/9/2023 17:00,0.0249
10/9/2023 20:00,0.173
10/9/2023 23:00,0.14
10/10/2023 2:00,0.159
10/10/2023 5:00,0.15
10/10/2023 8:00,0.136
10/10/2023 11:00,0.107
10/10/2023 14:00,0.0479
10/10/2023 17:00,-0.0177
10/10/2023 20:00,0.14
10/10/2023 23:00,0.156
10/11/2023 2:00,0.136
10/11/2023 5:00,0.156
10/11/2023 8:00,0.146
10/11/2023 11:00,0.0971
10/11/2023 14:00,0.061
10/11/2023 17:00,0.114
10/11/2023 20:00,0.14
10/11/2023 23:00,0.146
10/12/2023 2:00,0.146
10/12/2023 5:00,0.153
10/12/2023 8:00,0.169
10/12/2023 11:00,0.32
10/12/2023 14:00,0.202
10/12/2023 17:00,0.0413
10/12/2023 20:00,0.169
10/12/2023 23:00,0.166
10/13/2023 2:00,0.163
10/13/2023 5:00,0.159
10/13/2023 8:00,0.166
10/13/2023 11:00,0.12
10/13/2023 14:00,0.061
10/13/2023 17:00,0.0381
10/13/2023 20:00,0.169
10/13/2023 23:00,0.169
10/14/2023 2:00,0.159
10/14/2023 5:00,0.156
10/14/2023 8:00,0.179
10/14/2023 11:00,0.278
10/14/2023 14:00,0.278
10/14/2023 17:00,0.868
10/14/2023 20:00,0.255
10/14/2023 23:00,0.192
10/15/2023 2:00,0.176
10/15/2023 5:00,0.159
10/15/2023 8:00,0.166
10/15/2023 11:00,0.123
10/15/2023 14:00,0.11
10/15/2023 17:00,0.0676
10/15/2023 20:00,0.14
10/15/2023 23:00,0.153
10/16/2023 2:00,0.146
10/16/2023 5:00,0.143
10/16/2023 8:00,0.143
10/16/2023 11:00,0.0906
10/16/2023 14:00,-0.0243
10/16/2023 17:00,0.0741
10/16/2023 20:00,0.173
10/16/2023 23:00,0.156
10/17/2023 2:00,0.163
10/17/2023 5:00,0.163
10/17/2023 8:00,0.146
10/17/2023 11:00,0.127
10/17/2023 14:00,0.0217
10/17/2023 17:00,0.0249
10/17/2023 20:00,0.0709
10/17/2023 23:00,0.0774
10/18/2023 2:00,0.0709
10/18/2023 5:00,0.0774
10/18/2023 8:00,0.0906
10/18/2023 11:00,0.0512
10/18/2023 14:00,-0.0801
10/18/2023 17:00,0.0249
10/18/2023 20:00,0.084
10/18/2023 23:00,0.0807
10/19/2023 2:00,0.0807
10/19/2023 5:00,0.084
10/19/2023 8:00,0.0873
10/19/2023 11:00,0.061
10/19/2023 14:00,0.0151
10/19/2023 17:00,0.0413
10/19/2023 20:00,0.0873
10/19/2023 23:00,0.0938
10/20/2023 2:00,0.104
10/20/2023 5:00,0.0807
10/20/2023 8:00,0.0807
10/20/2023 11:00,0.0348
10/20/2023 14:00,-0.0571
10/20/2023 17:00,0.648
10/20/2023 20:00,0.212
10/20/2023 23:00,0.35
10/21/2023 2:00,0.228
10/21/2023 5:00,0.156
10/21/2023 8:00,0.143
10/21/2023 11:00,0.0709
10/21/2023 14:00,-0.0308
10/21/2023 17:00,-0.0276
10/21/2023 20:00,0.104
10/21/2023 23:00,0.107
10/22/2023 2:00,0.107
10/22/2023 5:00,0.1
10/22/2023 8:00,0.1
10/22/2023 11:00,0.0512
10/22/2023 14:00,-0.0472
10/22/2023 17:00,-0.0505
10/22/2023 20:00,0.0906
10/22/2023 23:00,0.0873
10/23/2023 2:00,0.0741
10/23/2023 5:00,0.0938
10/23/2023 8:00,0.0906
10/23/2023 11:00,0.0676
10/23/2023 14:00,-0.0538
10/23/2023 17:00,-0.0833
10/23/2023 20:00,0.0807
10/23/2023 23:00,0.0873
10/24/2023 2:00,0.0807
10/24/2023 5:00,0.084
10/24/2023 8:00,0.0971
10/24/2023 11:00,0.0545
10/24/2023 14:00,-0.0833
10/24/2023 17:00,-0.116
10/24/2023 20:00,0.0873
10/24/2023 23:00,0.0774
10/25/2023 2:00,0.0938
10/25/2023 5:00,0.084
10/25/2023 8:00,0.084
10/25/2023 11:00,0.0741
10/25/2023 14:00,-0.0604
10/25/2023 17:00,-0.0833
10/25/2023 20:00,0.107
10/25/2023 23:00,0.114
10/26/2023 2:00,0.11
10/26/2023 5:00,0.104
10/26/2023 8:00,0.114
10/26/2023 11:00,0.196
10/26/2023 14:00,-0.0341
10/26/2023 17:00,0.0151
10/26/2023 20:00,0.1
10/26/2023 23:00,0.12
10/27/2023 2:00,0.0938
10/27/2023 5:00,0.0971
10/27/2023 8:00,0.0971
10/27/2023 11:00,0.0413
10/27/2023 14:00,-0.0505
10/27/2023 17:00,-0.0374
10/27/2023 20:00,0.0971
10/27/2023 23:00,0.127
10/28/2023 2:00,0.0906
10/28/2023 5:00,0.1
10/28/2023 8:00,0.107
10/28/2023 11:00,0.0282
10/28/2023 14:00,-0.0932
10/28/2023 17:00,-0.0833
10/28/2023 20:00,0.0807
10/28/2023 23:00,0.107
10/29/2023 2:00,0.1
10/29/2023 5:00,0.0873
10/29/2023 8:00,0.107
10/29/2023 11:00,0.0807
10/29/2023 14:00,-0.0768
10/29/2023 17:00,-0.0341
10/29/2023 20:00,0.084
10/29/2023 23:00,0.084
10/30/2023 2:00,0.0938
10/30/2023 5:00,0.1
10/30/2023 8:00,0.0906
10/30/2023 11:00,0.0446
10/30/2023 14:00,-0.0571
10/30/2023 17:00,-0.0374
10/30/2023 20:00,0.11
10/30/2023 23:00,0.0971
10/31/2023 2:00,0.0873
10/31/2023 5:00,0.084
10/31/2023 8:00,0.0709
10/31/2023 11:00,0.0709
10/31/2023 14:00,0.0807
10/31/2023 17:00,0.0741
10/31/2023 20:00,0.0906
10/31/2023 23:00,0.104
11/1/2023 2:00,0.0807
11/1/2023 5:00,0.0906
11/1/2023 8:00,0.12
11/1/2023 11:00,0.0709
11/1/2023 14:00,-0.0276
11/1/2023 17:00,-0.0243
11/1/2023 20:00,0.1
11/1/2023 23:00,0.0971
11/2/2023 2:00,0.084
11/2/2023 5:00,0.0938
11/2/2023 8:00,0.107
11/2/2023 11:00,0.0643
11/2/2023 14:00,-0.0243
11/2/2023 17:00,-0.044
11/2/2023 20:00,0.104
11/2/2023 23:00,0.114
11/3/2023 2:00,0.11
11/3/2023 5:00,0.107
11/3/2023 8:00,0.117
11/3/2023 11:00,0.0938
11/3/2023 14:00,-0.0505
11/3/2023 17:00,-0.0768
11/3/2023 20:00,0.0873
11/3/2023 23:00,0.1
11/4/2023 2:00,0.084
11/4/2023 5:00,0.107
11/4/2023 8:00,0.133
11/4/2023 11:00,0.0512
11/4/2023 14:00,-0.0571
11/4/2023 17:00,-0.0604
11/4/2023 20:00,0.114
11/4/2023 23:00,0.107
11/5/2023 1:00,0.0938
11/5/2023 4:00,0.0906
11/5/2023 7:00,0.084
11/5/2023 10:00,0.061
11/5/2023 13:00,-0.0505
11/5/2023 16:00,-0.0505
11/5/2023 19:00,0.084
11/5/2023 22:00,0.0938
11/6/2023 1:00,0.0971
11/6/2023 4:00,0.1
11/6/2023 7:00,0.123
11/6/2023 10:00,0.117
11/6/2023 13:00,-0.0243
11/6/2023 16:00,-0.0308
11/6/2023 19:00,0.123
11/6/2023 22:00,0.146
11/7/2023 1:00,0.13
11/7/2023 4:00,0.114
11/7/2023 7:00,0.123
11/7/2023 10:00,0.084
11/7/2023 13:00,-0.0243
11/7/2023 16:00,0.0118
11/7/2023 19:00,0.117
11/7/2023 22:00,0.13
11/8/2023 1:00,0.11
11/8/2023 4:00,0.104
11/8/2023 7:00,0.107
11/8/2023 10:00,0.0676
11/8/2023 13:00,-0.0308
11/8/2023 16:00,-0.0308
11/8/2023 19:00,0.0873
11/8/2023 22:00,0.107
11/9/2023 1:00,0.104
11/9/2023 4:00,0.143
11/9/2023 7:00,0.13
11/9/2023 10:00,0.0577
11/9/2023 13:00,0.0348
11/9/2023 16:00,0.0282
11/9/2023 19:00,0.123
11/9/2023 22:00,0.153
11/10/2023 1:00,0.104
11/10/2023 4:00,0.117
11/10/2023 7:00,0.133
11/10/2023 10:00,0.0741
11/10/2023 13:00,0.0938
11/10/2023 16:00,0.117
11/10/2023 19:00,0.133
11/10/2023 22:00,0.107
11/11/2023 1:00,0.143
11/11/2023 4:00,0.127
11/11/2023 7:00,0.12
11/11/2023 10:00,0.117
11/11/2023 13:00,0.107
11/11/2023 16:00,0.117
11/11/2023 19:00,0.156
11/11/2023 22:00,0.133
11/12/2023 1:00,0.136
11/12/2023 4:00,0.143
11/12/2023 7:00,0.448
11/12/2023 10:00,0.333
11/12/2023 13:00,0.245
11/12/2023 16:00,0.31
11/12/2023 19:00,0.241
11/12/2023 22:00,0.202
11/13/2023 1:00,0.182
11/13/2023 4:00,0.133
11/13/2023 7:00,0.136
11/13/2023 10:00,0.12
11/13/2023 13:00,-0.021
11/13/2023 16:00,0.0282
11/13/2023 19:00,0.136
11/13/2023 22:00,0.14
11/14/2023 1:00,0.133
11/14/2023 4:00,0.153
11/14/2023 7:00,0.117
11/14/2023 10:00,0.0938
11/14/2023 13:00,-0.0243
11/14/2023 16:00,0.0446
11/14/2023 19:00,0.202
11/14/2023 22:00,0.182
11/15/2023 1:00,0.156
11/15/2023 4:00,0.159
11/15/2023 7:00,0.156
11/15/2023 10:00,0.12
11/15/2023 13:00,0.104
11/15/2023 16:00,0.123
11/15/2023 19:00,0.14
11/15/2023 22:00,0.143
11/16/2023 1:00,0.15
11/16/2023 4:00,0.14
11/16/2023 7:00,0.143
11/16/2023 10:00,0.13
11/16/2023 13:00,0.00853
11/16/2023 16:00,0.0807
11/16/2023 19:00,0.143
11/16/2023 22:00,0.133
11/17/2023 1:00,0.14
11/17/2023 4:00,0.15
11/17/2023 7:00,0.143
11/17/2023 10:00,0.143
11/17/2023 13:00,0.0512
11/17/2023 16:00,0.11
11/17/2023 19:00,0.14
11/17/2023 22:00,0.153
11/18/2023 1:00,0.146
11/18/2023 4:00,0.143
11/18/2023 7:00,0.159
11/18/2023 10:00,0.114
11/18/2023 13:00,0.0184
11/18/2023 16:00,0.12
11/18/2023 19:00,0.159
11/18/2023 22:00,0.146
11/19/2023 1:00,0.133
11/19/2023 4:00,0.156
11/19/2023 7:00,0.153
11/19/2023 10:00,0.123
11/19/2023 13:00,0.0118
11/19/2023 16:00,0.0577
11/19/2023 19:00,0.15
11/19/2023 22:00,0.15
11/20/2023 1:00,0.156
11/20/2023 4:00,0.143
11/20/2023 7:00,0.15
11/20/2023 10:00,0.13
11/20/2023 13:00,0.0709
11/20/2023 16:00,0.136
11/20/2023 19:00,0.133
11/20/2023 22:00,0.14
11/21/2023 1:00,0.166
11/21/2023 4:00,0.156
11/21/2023 7:00,0.166
11/21/2023 10:00,0.146
11/21/2023 13:00,0.14
11/21/2023 16:00,0.156
11/21/2023 19:00,0.159
11/21/2023 22:00,0.333
11/22/2023 1:00,0.301
11/22/2023 4:00,0.251
11/22/2023 7:00,2.1
11/22/2023 10:00,1.3
11/22/2023 13:00,0.684
11/22/2023 16:00,0.353
11/22/2023 19:00,0.245
11/22/2023 22:00,0.376
11/23/2023 1:00,0.248
11/23/2023 4:00,0.225
11/23/2023 7:00,0.202
11/23/2023 10:00,0.133
11/23/2023 13:00,0.0381
11/23/2023 16:00,0.104
11/23/2023 19:00,0.127
11/23/2023 22:00,0.13
11/24/2023 1:00,0.127
11/24/2023 4:00,0.123
11/24/2023 7:00,0.1
11/24/2023 10:00,0.0906
11/24/2023 13:00,0.0118
11/24/2023 16:00,0.0741
11/24/2023 19:00,0.114
11/24/2023 22:00,0.13
11/25/2023 1:00,0.12
11/25/2023 4:00,0.133
11/25/2023 7:00,0.136
11/25/2023 10:00,0.084
11/25/2023 13:00,0.0282
11/25/2023 16:00,0.107
11/25/2023 19:00,0.143
11/25/2023 22:00,0.117
11/26/2023 1:00,0.114
11/26/2023 4:00,0.133
11/26/2023 7:00,0.136
11/26/2023 10:00,0.13
11/26/2023 13:00,0.12
11/26/2023 16:00,0.14
11/26/2023 19:00,0.15
11/26/2023 22:00,0.15
11/27/2023 1:00,0.159
11/27/2023 4:00,0.159
11/27/2023 7:00,0.186
11/27/2023 10:00,0.166
11/27/2023 13:00,0.0676
11/27/2023 16:00,0.176
11/27/2023 19:00,0.176
11/27/2023 22:00,0.173
11/28/2023 1:00,0.202
11/28/2023 4:00,0.176
11/28/2023 7:00,0.222
11/28/2023 10:00,0.159
11/28/2023 13:00,0.0807
11/28/2023 16:00,0.169
11/28/2023 19:00,0.163
11/28/2023 22:00,0.176
11/29/2023 1:00,0.169
11/29/2023 4:00,0.176
11/29/2023 7:00,0.186
11/29/2023 10:00,0.136
11/29/2023 13:00,0.0545
11/29/2023 16:00,0.173
11/29/2023 19:00,0.186
11/29/2023 22:00,0.179
11/30/2023 1:00,0.182
11/30/2023 4:00,0.222
11/30/2023 7:00,0.176
11/30/2023 10:00,0.14
11/30/2023 13:00,0.0971
11/30/2023 16:00,0.215
11/30/2023 19:00,0.241
11/30/2023 22:00,0.199
12/1/2023 1:00,0.179
12/1/2023 4:00,0.192
12/1/2023 7:00,0.189
12/1/2023 10:00,0.182
12/1/2023 13:00,0.156
12/1/2023 16:00,0.189
12/1/2023 19:00,0.202
12/1/2023 22:00,0.179
12/2/2023 1:00,0.196
12/2/2023 4:00,0.186
12/2/2023 7:00,0.163
12/2/2023 10:00,0.179
12/2/2023 13:00,0.163
12/2/2023 16:00,0.156
12/2/2023 19:00,0.209
12/2/2023 22:00,0.215
12/3/2023 1:00,0.212
12/3/2023 4:00,0.36
12/3/2023 7:00,0.232
12/3/2023 10:00,0.176
12/3/2023 13:00,0.163
12/3/2023 16:00,0.219
12/3/2023 19:00,0.235
12/3/2023 22:00,0.228
12/4/2023 1:00,0.222
12/4/2023 4:00,0.235
12/4/2023 7:00,0.212
12/4/2023 10:00,0.215
12/4/2023 13:00,0.117
12/4/2023 16:00,0.219
12/4/2023 19:00,0.219
12/4/2023 22:00,0.235
12/5/2023 1:00,0.232
12/5/2023 4:00,0.225
12/5/2023 7:00,0.235
12/5/2023 10:00,0.222
12/5/2023 13:00,0.123
12/5/2023 16:00,0.219
12/5/2023 19:00,0.245
12/5/2023 22:00,0.255
12/6/2023 1:00,0.225
12/6/2023 4:00,0.251
12/6/2023 7:00,0.225
12/6/2023 10:00,0.228
12/6/2023 13:00,0.238
12/6/2023 16:00,0.251
12/6/2023 19:00,0.248
12/6/2023 22:00,0.274
12/7/2023 1:00,0.255
12/7/2023 4:00,0.278
12/7/2023 7:00,0.248
12/7/2023 10:00,0.212
12/7/2023 13:00,0.127
12/7/2023 16:00,0.251
12/7/2023 19:00,0.268
12/7/2023 22:00,0.255
12/8/2023 1:00,0.278
12/8/2023 4:00,0.271
12/8/2023 7:00,0.261
12/8/2023 10:00,0.235
12/8/2023 13:00,0.225
12/8/2023 16:00,0.245
12/8/2023 19:00,0.274
12/8/2023 22:00,0.264
12/9/2023 1:00,0.278
12/9/2023 4:00,0.278
12/9/2023 7:00,0.258
12/9/2023 10:00,0.232
12/9/2023 13:00,0.205
12/9/2023 16:00,0.245
12/9/2023 19:00,0.278
12/9/2023 22:00,0.287
12/10/2023 1:00,0.287
12/10/2023 4:00,0.301
12/10/2023 7:00,0.284
12/10/2023 10:00,0.284
12/10/2023 13:00,0.757
12/10/2023 16:00,0.379
12/10/2023 19:00,0.724
12/10/2023 22:00,0.448
12/11/2023 1:00,1.7
12/11/2023 4:00,1
12/11/2023 7:00,0.409
12/11/2023 10:00,0.291
12/11/2023 13:00,0.202
12/11/2023 16:00,0.189
12/11/2023 19:00,0.189
12/11/2023 22:00,0.176
12/12/2023 1:00,0.163
12/12/2023 4:00,0.156
12/12/2023 7:00,0.143
12/12/2023 10:00,0.107
12/12/2023 13:00,0.00197
12/12/2023 16:00,0.136
12/12/2023 19:00,0.136
12/12/2023 22:00,0.13
12/13/2023 1:00,0.13
12/13/2023 4:00,0.133
12/13/2023 7:00,0.123
12/13/2023 10:00,0.136
12/13/2023 13:00,0.0479
12/13/2023 16:00,0.205
12/13/2023 19:00,0.166
12/13/2023 22:00,0.143
12/14/2023 1:00,0.133
12/14/2023 4:00,0.13
12/14/2023 7:00,0.133
12/14/2023 10:00,0.127
12/14/2023 13:00,0.0184
12/14/2023 16:00,0.133
12/14/2023 19:00,0.14
12/14/2023 22:00,0.196
12/15/2023 1:00,0.251
12/15/2023 4:00,0.179
12/15/2023 7:00,0.146
12/15/2023 10:00,0.123
12/15/2023 13:00,0.00853
12/15/2023 16:00,0.133
12/15/2023 19:00,0.15
12/15/2023 22:00,0.143
12/16/2023 1:00,0.146
12/16/2023 4:00,0.14
12/16/2023 7:00,0.14
12/16/2023 10:00,0.12
12/16/2023 13:00,0.0413
12/16/2023 16:00,0.1
12/16/2023 19:00,0.14
12/16/2023 22:00,0.136
12/17/2023 1:00,0.13
12/17/2023 4:00,0.14
12/17/2023 7:00,0.159
12/17/2023 10:00,0.422
12/17/2023 13:00,1.11
12/17/2023 16:00,1.83
12/17/2023 19:00,1.8
12/17/2023 22:00,1.61
12/18/2023 1:00,1.24
12/18/2023 4:00,1.31
12/18/2023 7:00,0.54
12/18/2023 10:00,0.389
12/18/2023 13:00,0.304
12/18/2023 16:00,0.35
12/18/2023 19:00,0.271
12/18/2023 22:00,0.261
12/19/2023 1:00,0.241
12/19/2023 4:00,0.215
12/19/2023 7:00,0.235
12/19/2023 10:00,0.173
12/19/2023 13:00,0.114
12/19/2023 16:00,0.196
12/19/2023 19:00,0.192
12/19/2023 22:00,0.202
12/20/2023 1:00,0.209
12/20/2023 4:00,0.215
12/20/2023 7:00,0.159
12/20/2023 10:00,0.133
12/20/2023 13:00,0.084
12/20/2023 16:00,0.212
12/20/2023 19:00,0.353
12/20/2023 22:00,0.465
12/21/2023 1:00,0.593
12/21/2023 4:00,0.707
12/21/2023 7:00,0.789
12/21/2023 10:00,0.848
12/21/2023 13:00,0.835
12/21/2023 16:00,0.983
12/21/2023 19:00,1.06
12/21/2023 22:00,1.1
12/22/2023 1:00,1.16
12/22/2023 4:00,1.19
12/22/2023 7:00,1.22
12/22/2023 10:00,1.21
12/22/2023 13:00,1.17
12/22/2023 16:00,1.24
12/22/2023 19:00,1.25
12/22/2023 22:00,1.26
12/23/2023 1:00,1.25
12/23/2023 4:00,1.23
12/23/2023 7:00,1.22
12/23/2023 10:00,1.19
12/23/2023 13:00,1.06
12/23/2023 16:00,1.11
12/23/2023 19:00,1.11
12/23/2023 22:00,1.06
12/24/2023 1:00,1.02
12/24/2023 4:00,0.953
12/24/2023 7:00,0.871
12/24/2023 10:00,0.793
12/24/2023 13:00,0.576
12/24/2023 16:00,0.556
12/24/2023 19:00,0.451
12/24/2023 22:00,0.35
12/25/2023 1:00,0.222
12/25/2023 4:00,0.153
12/25/2023 7:00,0.166
12/25/2023 10:00,0.15
12/25/2023 13:00,0.0249
12/25/2023 16:00,0.127
12/25/2023 19:00,0.136
12/25/2023 22:00,0.153
12/26/2023 1:00,0.156
12/26/2023 4:00,0.163
12/26/2023 7:00,0.179
12/26/2023 10:00,0.153
12/26/2023 13:00,0.14
12/26/2023 16:00,0.153
12/26/2023 19:00,0.169
12/26/2023 22:00,0.153
12/27/2023 1:00,1.1
12/27/2023 4:00,1.08
12/27/2023 7:00,0.396
12/27/2023 10:00,0.497
12/27/2023 13:00,0.76
12/27/2023 16:00,0.32
12/27/2023 19:00,0.245
12/27/2023 22:00,0.291
12/28/2023 1:00,0.235
12/28/2023 4:00,0.202
12/28/2023 7:00,0.179
12/28/2023 10:00,0.159
12/28/2023 13:00,0.176
12/28/2023 16:00,0.159
12/28/2023 19:00,0.176
12/28/2023 22:00,0.153
12/29/2023 1:00,0.169
12/29/2023 4:00,0.169
12/29/2023 7:00,0.186
12/29/2023 10:00,0.14
12/29/2023 13:00,0.0774
12/29/2023 16:00,0.14
12/29/2023 19:00,0.182
12/29/2023 22:00,0.186
12/30/2023 1:00,0.196
12/30/2023 4:00,0.205
12/30/2023 7:00,0.186
12/30/2023 10:00,0.163
12/30/2023 13:00,0.107
12/30/2023 16:00,0.166
12/30/2023 19:00,0.186
12/30/2023 22:00,0.196
12/31/2023 1:00,0.222
12/31/2023 4:00,0.232
12/31/2023 7:00,0.196
12/31/2023 10:00,0.163
12/31/2023 13:00,0.0577
12/31/2023 16:00,0.182
12/31/2023 19:00,0.192
12/31/2023 22:00,0.189
1/1/2024 1:00,0.182
1/1/2024 4:00,0.202
1/1/2024 7:00,0.199
1/1/2024 10:00,0.169
1/1/2024 13:00,0.127
1/1/2024 16:00,0.166
1/1/2024 19:00,0.182
1/1/2024 22:00,0.173
1/2/2024 1:00,0.222
1/2/2024 4:00,0.189
1/2/2024 7:00,0.212
1/2/2024 10:00,0.186
1/2/2024 13:00,0.127
1/2/2024 16:00,0.209
1/2/2024 19:00,0.189
1/2/2024 22:00,0.186
1/3/2024 1:00,0.196
1/3/2024 4:00,0.202
1/3/2024 7:00,0.205
1/3/2024 10:00,0.163
1/3/2024 13:00,0.0676
1/3/2024 16:00,0.173
1/3/2024 19:00,0.192
1/3/2024 22:00,0.202
1/4/2024 1:00,0.176
1/4/2024 4:00,0.379
1/4/2024 7:00,0.228
1/4/2024 10:00,0.173
1/4/2024 13:00,0.169
1/4/2024 16:00,0.196
1/4/2024 19:00,0.182
1/4/2024 22:00,0.212
1/5/2024 1:00,0.209
1/5/2024 4:00,0.212
1/5/2024 7:00,0.209
1/5/2024 10:00,0.176
1/5/2024 13:00,0.0873
1/5/2024 16:00,0.199
1/5/2024 19:00,0.222
1/5/2024 22:00,0.215
1/6/2024 1:00,0.209
1/6/2024 4:00,0.212
1/6/2024 7:00,0.222
1/6/2024 10:00,0.606
1/6/2024 13:00,0.291
1/6/2024 16:00,1.93
1/6/2024 19:00,0.428
1/6/2024 22:00,0.33
1/7/2024 1:00,0.294
1/7/2024 4:00,0.258
1/7/2024 7:00,0.232
1/7/2024 10:00,0.189
1/7/2024 13:00,0.123
1/7/2024 16:00,0.169
1/7/2024 19:00,0.205
1/7/2024 22:00,0.189
1/8/2024 1:00,0.212
1/8/2024 4:00,0.186
1/8/2024 7:00,0.192
1/8/2024 10:00,0.169
1/8/2024 13:00,0.146
1/8/2024 16:00,0.199
1/8/2024 19:00,0.222
1/8/2024 22:00,0.219
1/9/2024 1:00,0.228
1/9/2024 4:00,0.225
1/9/2024 7:00,0.225
1/9/2024 10:00,0.32
1/9/2024 13:00,0.251
1/9/2024 16:00,0.635
1/9/2024 19:00,1.24
1/9/2024 22:00,0.993
1/10/2024 1:00,0.428
1/10/2024 4:00,0.356
1/10/2024 7:00,0.314
1/10/2024 10:00,0.245
1/10/2024 13:00,0.169
1/10/2024 16:00,0.235
1/10/2024 19:00,0.212
1/10/2024 22:00,0.219
1/11/2024 1:00,0.209
1/11/2024 4:00,0.196
1/11/2024 7:00,0.192
1/11/2024 10:00,0.153
1/11/2024 13:00,0.0643
1/11/2024 16:00,0.159
1/11/2024 19:00,0.189
1/11/2024 22:00,0.186
1/12/2024 1:00,0.169
1/12/2024 4:00,0.163
1/12/2024 7:00,0.159
1/12/2024 10:00,0.159
1/12/2024 13:00,0.0873
1/12/2024 16:00,0.13
1/12/2024 19:00,0.176
1/12/2024 22:00,1.81
1/13/2024 1:00,0.461
1/13/2024 4:00,0.33
1/13/2024 7:00,0.281
1/13/2024 10:00,0.245
1/13/2024 13:00,0.15
1/13/2024 16:00,0.196
1/13/2024 19:00,0.205
1/13/2024 22:00,0.222
1/14/2024 1:00,0.189
1/14/2024 4:00,0.209
1/14/2024 7:00,0.196
1/14/2024 10:00,0.15
1/14/2024 13:00,0.0906
1/14/2024 16:00,0.136
1/14/2024 19:00,0.199
1/14/2024 22:00,0.169
1/15/2024 1:00,0.169
1/15/2024 4:00,0.169
1/15/2024 7:00,0.173
1/15/2024 10:00,0.15
1/15/2024 13:00,0.127
1/15/2024 16:00,0.143
1/15/2024 19:00,0.209
1/15/2024 22:00,0.205
1/16/2024 1:00,0.232
1/16/2024 4:00,0.327
1/16/2024 7:00,0.346
1/16/2024 10:00,0.363
1/16/2024 13:00,0.432
1/16/2024 16:00,0.507
1/16/2024 19:00,0.56
1/16/2024 22:00,0.629
1/17/2024 1:00,0.701
1/17/2024 4:00,0.766
1/17/2024 7:00,0.835
1/17/2024 10:00,0.868
1/17/2024 13:00,0.812
1/17/2024 16:00,0.927
1/17/2024 19:00,1.03
1/17/2024 22:00,1.11
1/18/2024 1:00,1.19
1/18/2024 4:00,1.17
1/18/2024 7:00,1.22
1/18/2024 10:00,1.25
1/18/2024 13:00,1.17
1/18/2024 16:00,1.22
1/18/2024 19:00,1.27
1/18/2024 22:00,1.28
1/19/2024 1:00,1.23
1/19/2024 4:00,1.19
1/19/2024 7:00,1.14
1/19/2024 10:00,1.03
1/19/2024 13:00,0.891
1/19/2024 16:00,0.845
1/19/2024 19:00,0.734
1/19/2024 22:00,0.593
1/20/2024 1:00,0.406
1/20/2024 4:00,0.287
1/20/2024 7:00,0.192
1/20/2024 10:00,0.159
1/20/2024 13:00,0.104
1/20/2024 16:00,0.0873
1/20/2024 19:00,0.176
1/20/2024 22:00,0.182
1/21/2024 1:00,0.14
1/21/2024 4:00,0.189
1/21/2024 7:00,0.173
1/21/2024 10:00,0.189
1/21/2024 13:00,0.0512
1/21/2024 16:00,0.084
1/21/2024 19:00,0.166
1/21/2024 22:00,0.176
1/22/2024 1:00,0.179
1/22/2024 4:00,0.166
1/22/2024 7:00,0.169
1/22/2024 10:00,0.166
1/22/2024 13:00,0.0348
1/22/2024 16:00,0.0184
1/22/2024 19:00,0.166
1/22/2024 22:00,0.176
1/23/2024 1:00,0.186
1/23/2024 4:00,0.169
1/23/2024 7:00,0.169
1/23/2024 10:00,0.14
1/23/2024 13:00,0.199
1/23/2024 16:00,0.169
1/23/2024 19:00,0.173
1/23/2024 22:00,0.163
1/24/2024 1:00,0.169
1/24/2024 4:00,0.156
1/26/2024 16:00,0.156
1/26/2024 19:00,0.222
1/26/2024 22:00,0.238
1/27/2024 1:00,0.222
1/27/2024 4:00,0.228
1/27/2024 7:00,0.222
1/27/2024 10:00,0.215
1/27/2024 13:00,0.159
1/27/2024 16:00,0.209
1/27/2024 19:00,0.225
1/27/2024 22:00,0.235
1/28/2024 1:00,0.248
1/28/2024 4:00,0.248
1/28/2024 7:00,0.255
1/28/2024 10:00,0.238
1/28/2024 13:00,0.176
1/28/2024 16:00,0.222
1/28/2024 19:00,0.284
1/28/2024 22:00,0.284
1/29/2024 1:00,0.294
1/29/2024 4:00,0.264
1/29/2024 7:00,0.287
1/29/2024 10:00,0.268
1/29/2024 13:00,0.215
1/29/2024 16:00,0.219
1/29/2024 19:00,0.294
1/29/2024 22:00,0.281
1/30/2024 1:00,0.264
1/30/2024 4:00,0.278
1/30/2024 7:00,0.268
1/30/2024 10:00,0.281
1/30/2024 13:00,0.202
1/30/2024 16:00,0.179
1/30/2024 19:00,0.304
1/30/2024 22:00,0.294
1/31/2024 1:00,0.287
1/31/2024 4:00,0.291
1/31/2024 7:00,0.294
1/31/2024 10:00,0.284
1/31/2024 12:45,0.248
